document_id,descriptor_hash
IAG20200007::Mayo-Agosto 2023,cd77bf72fa23ffedc22d5bf719427ead07504d24d7653ca6517389b56293bf73
IAG20200007::Septiembre-Diciembre 2022,cd77bf72fa23ffedc22d5bf719427ead07504d24d7653ca6517389b56293bf73
IAG20200007::Septiembre-Diciembre 2023,cd77bf72fa23ffedc22d5bf719427ead07504d24d7653ca6517389b56293bf73
IAG20200029::Enero-Abril 2023,0e1c1649e38b22d14392826d1d59b3c3df68bb84a91634a9b8f9bc380a21f06d
IAG20200029::Septiembre-Diciembre 2022,85142e079acaa7daa4fab5501f1b590aed0ca4fc6ffecce0b4f8e972dfa45235
IAG20200039::Enero-Abril 2023,cd77bf72fa23ffedc22d5bf719427ead07504d24d7653ca6517389b56293bf73
IAG20200039::Mayo-Agosto 2023,cd77bf72fa23ffedc22d5bf719427ead07504d24d7653ca6517389b56293bf73
IAG20200039::Septiembre-Diciembre 2023,cd77bf72fa23ffedc22d5bf719427ead07504d24d7653ca6517389b56293bf73
IAG20200051::Enero-Abril 2023,c5257701a41be7a5b7934416efd0525319ab01297c01fcc7b3f6e06c5fcbf691
IAG20200051::Mayo-Agosto 2023,c5257701a41be7a5b7934416efd0525319ab01297c01fcc7b3f6e06c5fcbf691
IAG20200051::Septiembre-Diciembre 2022,c5257701a41be7a5b7934416efd0525319ab01297c01fcc7b3f6e06c5fcbf691
IAG20200051::Septiembre-Diciembre 2023,85142e079acaa7daa4fab5501f1b590aed0ca4fc6ffecce0b4f8e972dfa45235
IAG20200084::Enero-Abril 2023,1e73030b884626f189ff79a3f83d8b26cf0a15ea58c24e61d977a6a266f7a432
IAG20200084::Septiembre-Diciembre 2022,cd77bf72fa23ffedc22d5bf719427ead07504d24d7653ca6517389b56293bf73
IAG20200095::Septiembre-Diciembre 2022,cd77bf72fa23ffedc22d5bf719427ead07504d24d7653ca6517389b56293bf73
IAG20200095::Septiembre-Diciembre 2023,cd77bf72fa23ffedc22d5bf719427ead07504d24d7653ca6517389b56293bf73
IAG20200097::Enero-Abril 2023,cd77bf72fa23ffedc22d5bf719427ead07504d24d7653ca6517389b56293bf73
IAG20200097::Mayo-Agosto 2023,cd77bf72fa23ffedc22d5bf719427ead07504d24d7653ca6517389b56293bf73
IAG20200097::Septiembre-Diciembre 2022,c5257701a41be7a5b7934416efd0525319ab01297c01fcc7b3f6e06c5fcbf691
IAG20200097::Septiembre-Diciembre 2023,cd77bf72fa23ffedc22d5bf719427ead07504d24d7653ca6517389b56293bf73
IAG20200098::Enero-Abril 2023,c5257701a41be7a5b7934416efd0525319ab01297c01fcc7b3f6e06c5fcbf691
IAG20200098::Mayo-Agosto 2023,c5257701a41be7a5b7934416efd0525319ab01297c01fcc7b3f6e06c5fcbf691
IAG20200098::Septiembre-Diciembre 2023,c5257701a41be7a5b7934416efd0525319ab01297c01fcc7b3f6e06c5fcbf691
IAG20200124::Enero-Abril 2023,c5257701a41be7a5b7934416efd0525319ab01297c01fcc7b3f6e06c5fcbf691
IAG20200124::Mayo-Agosto 2023,85142e079acaa7daa4fab5501f1b590aed0ca4fc6ffecce0b4f8e972dfa45235
IAG20200124::Septiembre-Diciembre 2023,1e73030b884626f189ff79a3f83d8b26cf0a15ea58c24e61d977a6a266f7a432
IAG20200127::Mayo-Agosto 2023,cd77bf72fa23ffedc22d5bf719427ead07504d24d7653ca6517389b56293bf73
IAG20200127::Septiembre-Diciembre 2023,cd77bf72fa23ffedc22d5bf719427ead07504d24d7653ca6517389b56293bf73
IAG20200157::Enero-Abril 2023,dd186dc71c1b24d0bb0cad1dbec8e9a26f1020a3108fec0b9c754aa866337b03
IAG20200157::Mayo-Agosto 2023,dd186dc71c1b24d0bb0cad1dbec8e9a26f1020a3108fec0b9c754aa866337b03
IAG20200157::Septiembre-Diciembre 2022,c5257701a41be7a5b7934416efd0525319ab01297c01fcc7b3f6e06c5fcbf691
IAG20200157::Septiembre-Diciembre 2023,dd186dc71c1b24d0bb0cad1dbec8e9a26f1020a3108fec0b9c754aa866337b03
IAG20200167::Enero-Abril 2023,cd77bf72fa23ffedc22d5bf719427ead07504d24d7653ca6517389b56293bf73
IAG20200171::Enero-Abril 2023,dd186dc71c1b24d0bb0cad1dbec8e9a26f1020a3108fec0b9c754aa866337b03
IAG20200171::Septiembre-Diciembre 2022,c5257701a41be7a5b7934416efd0525319ab01297c01fcc7b3f6e06c5fcbf691
IAG20200171::Septiembre-Diciembre 2023,fa52aceb6b863121f373a7276cedb56777a3b9a442ea621cf96f68bb22fffddc
IAG20200194::Enero-Abril 2023,cd77bf72fa23ffedc22d5bf719427ead07504d24d7653ca6517389b56293bf73
IAG20200194::Septiembre-Diciembre 2022,c5257701a41be7a5b7934416efd0525319ab01297c01fcc7b3f6e06c5fcbf691
IAG20200194::Septiembre-Diciembre 2023,cd77bf72fa23ffedc22d5bf719427ead07504d24d7653ca6517389b56293bf73
IAG20200249::Mayo-Agosto 2023,387511ea290af69036d0ffc5987df7c2f6526a226cfcfe424944e870e8af0176
IAG20200249::Septiembre-Diciembre 2022,c5257701a41be7a5b7934416efd0525319ab01297c01fcc7b3f6e06c5fcbf691
IAG20200267::Enero-Abril 2023,cd77bf72fa23ffedc22d5bf719427ead07504d24d7653ca6517389b56293bf73
IAG20200267::Mayo-Agosto 2023,c5257701a41be7a5b7934416efd0525319ab01297c01fcc7b3f6e06c5fcbf691
IAG20200267::Septiembre-Diciembre 2022,cd77bf72fa23ffedc22d5bf719427ead07504d24d7653ca6517389b56293bf73
IAG20200290::Enero-Abril 2023,1e73030b884626f189ff79a3f83d8b26cf0a15ea58c24e61d977a6a266f7a432
IAG20200290::Mayo-Agosto 2023,5e9e39f3f5e872fd7263248ad8ba350da4e2844d9e5d3a1b482987635a82a7e5
IAG20200369::Enero-Abril 2023,cd77bf72fa23ffedc22d5bf719427ead07504d24d7653ca6517389b56293bf73
IAG20200369::Septiembre-Diciembre 2022,cd77bf72fa23ffedc22d5bf719427ead07504d24d7653ca6517389b56293bf73
IAG20200369::Septiembre-Diciembre 2023,cd77bf72fa23ffedc22d5bf719427ead07504d24d7653ca6517389b56293bf73
IAG20200376::Enero-Abril 2023,85142e079acaa7daa4fab5501f1b590aed0ca4fc6ffecce0b4f8e972dfa45235
IAG20200376::Mayo-Agosto 2023,0e1c1649e38b22d14392826d1d59b3c3df68bb84a91634a9b8f9bc380a21f06d
IAG20200376::Septiembre-Diciembre 2022,c5257701a41be7a5b7934416efd0525319ab01297c01fcc7b3f6e06c5fcbf691
IAG20210043::Enero-Abril 2023,436c0e535870d202113e5310c19327c113f7e705edb6714dd20eca79f792e482
IAG20210043::Septiembre-Diciembre 2022,dd186dc71c1b24d0bb0cad1dbec8e9a26f1020a3108fec0b9c754aa866337b03
IAG20210061::Septiembre-Diciembre 2022,b3e1cb3b1cf1b11592d1179daeefb0cd333c05c6f8f7369551a18422440385f4
IAG20210083::Septiembre-Diciembre 2023,90519e503aef14686af16322c69af1bacc804b759f755650a38a194b4150f3a5
IAG20210108::Mayo-Agosto 2023,dd186dc71c1b24d0bb0cad1dbec8e9a26f1020a3108fec0b9c754aa866337b03
IAG20210108::Septiembre-Diciembre 2023,dd186dc71c1b24d0bb0cad1dbec8e9a26f1020a3108fec0b9c754aa866337b03
IAG20210133::Enero-Abril 2023,dd186dc71c1b24d0bb0cad1dbec8e9a26f1020a3108fec0b9c754aa866337b03
IAG20210133::Mayo-Agosto 2023,b3e1cb3b1cf1b11592d1179daeefb0cd333c05c6f8f7369551a18422440385f4
IAG20210133::Septiembre-Diciembre 2022,bc78700b1132c8cf08429385c0c770eddda995c8ebaec96257f205885aa603a8
IAG20210138::Enero-Abril 2023,dd186dc71c1b24d0bb0cad1dbec8e9a26f1020a3108fec0b9c754aa866337b03
IAG20210138::Septiembre-Diciembre 2022,dd186dc71c1b24d0bb0cad1dbec8e9a26f1020a3108fec0b9c754aa866337b03
IAG20210176::Enero-Abril 2023,968dbfe41a31ad0ed62652ccd5fef3e75aef7ee0274ca161b825b08111a26c18
IAG20210176::Mayo-Agosto 2023,417d8ef2b7e4f65d384513b7d24bc82a7c0471ecac6c8cb32e6209326b089f27
IAG20210176::Septiembre-Diciembre 2022,02a54fd2337980a4997cb0e401e960f525022c869d5dccaf3a5f76c9d577f36c
IAG20210176::Septiembre-Diciembre 2023,5e9e39f3f5e872fd7263248ad8ba350da4e2844d9e5d3a1b482987635a82a7e5
IAG20210196::Enero-Abril 2023,f78f09c7032b8680d5f216ba45d84f8ce7141c754e6540931616281b85e349d6
IAG20210196::Mayo-Agosto 2023,5184622c4ad4bbaa2710a886d46aa6a326cdafb287161932dfbacf6540f19621
IAG20210196::Septiembre-Diciembre 2022,537c0604d8591c403a57201f3e28767c8b1d5bc1045953ed77f8549f9df0ed0d
IAG20210196::Septiembre-Diciembre 2023,5184622c4ad4bbaa2710a886d46aa6a326cdafb287161932dfbacf6540f19621
IAG20210215::Septiembre-Diciembre 2022,537c0604d8591c403a57201f3e28767c8b1d5bc1045953ed77f8549f9df0ed0d
IAG20210238::Enero-Abril 2023,b3e1cb3b1cf1b11592d1179daeefb0cd333c05c6f8f7369551a18422440385f4
IAG20210238::Mayo-Agosto 2023,436c0e535870d202113e5310c19327c113f7e705edb6714dd20eca79f792e482
IAG20210238::Septiembre-Diciembre 2022,bc78700b1132c8cf08429385c0c770eddda995c8ebaec96257f205885aa603a8
IAG20210238::Septiembre-Diciembre 2023,dd186dc71c1b24d0bb0cad1dbec8e9a26f1020a3108fec0b9c754aa866337b03
IAG20210315::Enero-Abril 2023,cd77bf72fa23ffedc22d5bf719427ead07504d24d7653ca6517389b56293bf73
IAG20210315::Mayo-Agosto 2023,cd77bf72fa23ffedc22d5bf719427ead07504d24d7653ca6517389b56293bf73
IAG20210315::Septiembre-Diciembre 2023,cd77bf72fa23ffedc22d5bf719427ead07504d24d7653ca6517389b56293bf73
IAG20210316::Enero-Abril 2023,dd186dc71c1b24d0bb0cad1dbec8e9a26f1020a3108fec0b9c754aa866337b03
IAG20210316::Septiembre-Diciembre 2022,bc78700b1132c8cf08429385c0c770eddda995c8ebaec96257f205885aa603a8
IAG20210339::Mayo-Agosto 2023,847d64367d80030f48aa0c4476c1aafec2ef17615db6774aa8df64b9545eb6b3
IAG20210339::Septiembre-Diciembre 2022,dd186dc71c1b24d0bb0cad1dbec8e9a26f1020a3108fec0b9c754aa866337b03
IAG20210339::Septiembre-Diciembre 2023,eec63ef319a69acca8f3a543e85f1cb30bef4b9c083d444b0f2412c206262c78
IAG20210345::Mayo-Agosto 2023,b3e1cb3b1cf1b11592d1179daeefb0cd333c05c6f8f7369551a18422440385f4
IAG20210345::Septiembre-Diciembre 2022,dd186dc71c1b24d0bb0cad1dbec8e9a26f1020a3108fec0b9c754aa866337b03
IAG20210345::Septiembre-Diciembre 2023,b3e1cb3b1cf1b11592d1179daeefb0cd333c05c6f8f7369551a18422440385f4
IAG20210355::Enero-Abril 2023,cd77bf72fa23ffedc22d5bf719427ead07504d24d7653ca6517389b56293bf73
IAG20210355::Mayo-Agosto 2023,1e73030b884626f189ff79a3f83d8b26cf0a15ea58c24e61d977a6a266f7a432
IAG20210355::Septiembre-Diciembre 2023,0e1c1649e38b22d14392826d1d59b3c3df68bb84a91634a9b8f9bc380a21f06d
IAG20210361::Enero-Abril 2023,2f20852544bb06baa4a257daecbe8b30e5bf01f4e83956daa21d99a40c39e8f9
IAG20210361::Mayo-Agosto 2023,2f20852544bb06baa4a257daecbe8b30e5bf01f4e83956daa21d99a40c39e8f9
IAG20210361::Septiembre-Diciembre 2022,436c0e535870d202113e5310c19327c113f7e705edb6714dd20eca79f792e482
IAG20210361::Septiembre-Diciembre 2023,2f20852544bb06baa4a257daecbe8b30e5bf01f4e83956daa21d99a40c39e8f9
IAG20210386::Enero-Abril 2023,b3e1cb3b1cf1b11592d1179daeefb0cd333c05c6f8f7369551a18422440385f4
IAG20210386::Septiembre-Diciembre 2022,b3e1cb3b1cf1b11592d1179daeefb0cd333c05c6f8f7369551a18422440385f4
IAG20210386::Septiembre-Diciembre 2023,cd77bf72fa23ffedc22d5bf719427ead07504d24d7653ca6517389b56293bf73
IAG20220048::Enero-Abril 2023,bc78700b1132c8cf08429385c0c770eddda995c8ebaec96257f205885aa603a8
IAG20220048::Septiembre-Diciembre 2023,dd186dc71c1b24d0bb0cad1dbec8e9a26f1020a3108fec0b9c754aa866337b03
IAG20220062::Enero-Abril 2023,2f20852544bb06baa4a257daecbe8b30e5bf01f4e83956daa21d99a40c39e8f9
IAG20220062::Mayo-Agosto 2023,436c0e535870d202113e5310c19327c113f7e705edb6714dd20eca79f792e482
IAG20220062::Septiembre-Diciembre 2022,dd186dc71c1b24d0bb0cad1dbec8e9a26f1020a3108fec0b9c754aa866337b03
IAG20220062::Septiembre-Diciembre 2023,2f20852544bb06baa4a257daecbe8b30e5bf01f4e83956daa21d99a40c39e8f9
IAG20220072::Enero-Abril 2023,b3e1cb3b1cf1b11592d1179daeefb0cd333c05c6f8f7369551a18422440385f4
IAG20220072::Septiembre-Diciembre 2022,b3e1cb3b1cf1b11592d1179daeefb0cd333c05c6f8f7369551a18422440385f4
IAG20220087::Enero-Abril 2023,2f20852544bb06baa4a257daecbe8b30e5bf01f4e83956daa21d99a40c39e8f9
IAG20220087::Septiembre-Diciembre 2022,dd186dc71c1b24d0bb0cad1dbec8e9a26f1020a3108fec0b9c754aa866337b03
IAG20220087::Septiembre-Diciembre 2023,5184622c4ad4bbaa2710a886d46aa6a326cdafb287161932dfbacf6540f19621
IAG20220113::Enero-Abril 2023,a7cab5f13fdcb38b9429d04f6796ffaca8886e944f04b86af43710fe7bb57b86
IAG20220113::Mayo-Agosto 2023,107157ca3022822982fe057f7c7e5969e87795c3cf54d49dbddfb2f530fe6668
IAG20220113::Septiembre-Diciembre 2022,c85eae31553f7254ef50d06b18b88a532365e6e6d97d95c94a2b31d8d422b1ee
IAG20220113::Septiembre-Diciembre 2023,a2b1b67782ec3a9a1b055ca40eeb23ce61fd35bbe1afcbf13d870cf96cb774fc
IAG20220116::Enero-Abril 2023,0fed81c7154ce650d0ccf358b012cd2bc8db0fbcf45d82bb6fa45a504d0727f3
IAG20220116::Mayo-Agosto 2023,2bbd1870ad4a56a3c46b9653f5e515f149b8883859c155ea11fae6c385594766
IAG20220116::Septiembre-Diciembre 2023,a39930d3c561bd87c70f12ee74ce67c4b38b27edee8b29537cadf23b1cc160d4
IAG20220135::Enero-Abril 2023,afc57206004f3db882cec4fd2fd53ff5ab71d4805d4dfa6c86c8b46475382c4f
IAG20220135::Septiembre-Diciembre 2022,dd186dc71c1b24d0bb0cad1dbec8e9a26f1020a3108fec0b9c754aa866337b03
IAG20220135::Septiembre-Diciembre 2023,53941b1b41dca2857c9bb27c842f1284280af6483ee11f3a608db9e8b11d4084
IAG20220148::Enero-Abril 2023,2f20852544bb06baa4a257daecbe8b30e5bf01f4e83956daa21d99a40c39e8f9
IAG20220148::Mayo-Agosto 2023,2f20852544bb06baa4a257daecbe8b30e5bf01f4e83956daa21d99a40c39e8f9
IAG20220148::Septiembre-Diciembre 2022,b3e1cb3b1cf1b11592d1179daeefb0cd333c05c6f8f7369551a18422440385f4
IAG20220148::Septiembre-Diciembre 2023,b3e1cb3b1cf1b11592d1179daeefb0cd333c05c6f8f7369551a18422440385f4
IAG20220223::Septiembre-Diciembre 2022,dd186dc71c1b24d0bb0cad1dbec8e9a26f1020a3108fec0b9c754aa866337b03
IAG20220229::Mayo-Agosto 2023,7768f5510a879c897395575158d991fec4be0a3e6cb5e56169a812f0ca8026b1
IAG20220229::Septiembre-Diciembre 2023,abfad95ed3dab90648aa7d63839e17acb6108d6971dd69c9ddd69ab89a8aedfa
IAG20220232::Mayo-Agosto 2023,99bea35a7d5afd944a60776cbfbb6af26632986620709ec74d79455e5eaaf1b9
IAG20220232::Septiembre-Diciembre 2022,bc78700b1132c8cf08429385c0c770eddda995c8ebaec96257f205885aa603a8
IAG20220232::Septiembre-Diciembre 2023,b3e1cb3b1cf1b11592d1179daeefb0cd333c05c6f8f7369551a18422440385f4
IAG20220242::Septiembre-Diciembre 2022,99bea35a7d5afd944a60776cbfbb6af26632986620709ec74d79455e5eaaf1b9
IAG20220244::Enero-Abril 2023,b3e1cb3b1cf1b11592d1179daeefb0cd333c05c6f8f7369551a18422440385f4
IAG20220244::Mayo-Agosto 2023,b3e1cb3b1cf1b11592d1179daeefb0cd333c05c6f8f7369551a18422440385f4
IAG20220244::Septiembre-Diciembre 2023,99bea35a7d5afd944a60776cbfbb6af26632986620709ec74d79455e5eaaf1b9
IAG20220258::Enero-Abril 2023,dfe7a9dccc81facbb7a96211a600e4a463881d3b3b266cf9a0b00cf3ec849226
IAG20220258::Mayo-Agosto 2023,dfe7a9dccc81facbb7a96211a600e4a463881d3b3b266cf9a0b00cf3ec849226
IAG20220258::Septiembre-Diciembre 2023,e836b92dfc75652163bf90c1a5eed987538cd3ab08becc2e5862554d87bd2d74
IAG20220262::Enero-Abril 2023,2f20852544bb06baa4a257daecbe8b30e5bf01f4e83956daa21d99a40c39e8f9
IAG20220262::Mayo-Agosto 2023,99bea35a7d5afd944a60776cbfbb6af26632986620709ec74d79455e5eaaf1b9
IAG20220262::Septiembre-Diciembre 2023,2f20852544bb06baa4a257daecbe8b30e5bf01f4e83956daa21d99a40c39e8f9
IAG20220264::Enero-Abril 2023,53941b1b41dca2857c9bb27c842f1284280af6483ee11f3a608db9e8b11d4084
IAG20220264::Mayo-Agosto 2023,2f20852544bb06baa4a257daecbe8b30e5bf01f4e83956daa21d99a40c39e8f9
IAG20220264::Septiembre-Diciembre 2022,53941b1b41dca2857c9bb27c842f1284280af6483ee11f3a608db9e8b11d4084
IAG20220276::Mayo-Agosto 2023,3d06cae6e280accd19e6c63da46bb849d6143e523554d9cc37beb66e7dd65eb7
IAG20220276::Septiembre-Diciembre 2022,e13be7695f192db2804961ec597a03607c26624e44fd06ad82983fecc8cb95c9
IAG20220276::Septiembre-Diciembre 2023,fed60a08e62f55c2d86ef08407d0fe5081c206c30b3aefee9b0914820748b977
IAG20220279::Septiembre-Diciembre 2022,dd186dc71c1b24d0bb0cad1dbec8e9a26f1020a3108fec0b9c754aa866337b03
IAG20220279::Septiembre-Diciembre 2023,b3e1cb3b1cf1b11592d1179daeefb0cd333c05c6f8f7369551a18422440385f4
IAG20220280::Enero-Abril 2023,18b3ecee16873fb2b11f4589af0401dde6a8acb1e5d57e419ed62e46731ee058
IAG20220280::Mayo-Agosto 2023,37b4d196177411c8a525e7ff6588562a14df8155c419d608c1f0a70743f43174
IAG20220280::Septiembre-Diciembre 2022,b3e1cb3b1cf1b11592d1179daeefb0cd333c05c6f8f7369551a18422440385f4
IAG20220289::Septiembre-Diciembre 2023,dd186dc71c1b24d0bb0cad1dbec8e9a26f1020a3108fec0b9c754aa866337b03
IAG20220371::Enero-Abril 2023,eec63ef319a69acca8f3a543e85f1cb30bef4b9c083d444b0f2412c206262c78
IAG20220371::Mayo-Agosto 2023,a7cab5f13fdcb38b9429d04f6796ffaca8886e944f04b86af43710fe7bb57b86
IAG20220371::Septiembre-Diciembre 2022,847d64367d80030f48aa0c4476c1aafec2ef17615db6774aa8df64b9545eb6b3
IAG20220371::Septiembre-Diciembre 2023,a7cab5f13fdcb38b9429d04f6796ffaca8886e944f04b86af43710fe7bb57b86
IAG20220382::Enero-Abril 2023,5184622c4ad4bbaa2710a886d46aa6a326cdafb287161932dfbacf6540f19621
IAG20220382::Mayo-Agosto 2023,5184622c4ad4bbaa2710a886d46aa6a326cdafb287161932dfbacf6540f19621
IAG20220382::Septiembre-Diciembre 2022,dd186dc71c1b24d0bb0cad1dbec8e9a26f1020a3108fec0b9c754aa866337b03
IAG20220382::Septiembre-Diciembre 2023,5184622c4ad4bbaa2710a886d46aa6a326cdafb287161932dfbacf6540f19621
IAG20220383::Septiembre-Diciembre 2023,0fed81c7154ce650d0ccf358b012cd2bc8db0fbcf45d82bb6fa45a504d0727f3
IAG20220384::Mayo-Agosto 2023,436c0e535870d202113e5310c19327c113f7e705edb6714dd20eca79f792e482
IAG20220384::Septiembre-Diciembre 2023,5184622c4ad4bbaa2710a886d46aa6a326cdafb287161932dfbacf6540f19621
IAG20230002::Enero-Abril 2023,b639955d381cc86ba8ae1bedeb65cbf837dc323265722a4bcc9a4d39ec85b38a
IAG20230002::Mayo-Agosto 2023,e836b92dfc75652163bf90c1a5eed987538cd3ab08becc2e5862554d87bd2d74
IAG20230002::Septiembre-Diciembre 2022,6793674f47a96523793cead187079a3e615131d29b74fbb7c8d3a39e06c560e1
IAG20230002::Septiembre-Diciembre 2023,e836b92dfc75652163bf90c1a5eed987538cd3ab08becc2e5862554d87bd2d74
IAG20230024::Enero-Abril 2023,5e6db20881ecb5f8607202aaa4bbc7924963619f4e42764c4c4f1f2f779b9a1c
IAG20230024::Mayo-Agosto 2023,97c19b32f69e2103955589067178efb71888ede2d99f1645f9cb78277759da83
IAG20230024::Septiembre-Diciembre 2022,6793674f47a96523793cead187079a3e615131d29b74fbb7c8d3a39e06c560e1
IAG20230024::Septiembre-Diciembre 2023,97c19b32f69e2103955589067178efb71888ede2d99f1645f9cb78277759da83
IAG20230030::Enero-Abril 2023,5e6db20881ecb5f8607202aaa4bbc7924963619f4e42764c4c4f1f2f779b9a1c
IAG20230030::Septiembre-Diciembre 2023,e836b92dfc75652163bf90c1a5eed987538cd3ab08becc2e5862554d87bd2d74
IAG20230074::Mayo-Agosto 2023,602f431a5422e6ddd975353045d99cedaf64b0f4d695c961b1bf9520312326cb
IAG20230074::Septiembre-Diciembre 2023,7dfa8ea70ee84f5d81000dfd65340616517f658dfb32b0d0078d22214144511f
IAG20230105::Enero-Abril 2023,f76f246a3581bc23104de6fa6c2f85725e8abdf8e811574c09da169d7360530d
IAG20230105::Septiembre-Diciembre 2022,5e6db20881ecb5f8607202aaa4bbc7924963619f4e42764c4c4f1f2f779b9a1c
IAG20230105::Septiembre-Diciembre 2023,f76f246a3581bc23104de6fa6c2f85725e8abdf8e811574c09da169d7360530d
IAG20230140::Enero-Abril 2023,952555f750cab1aca1b233cca7c64c3017832aae745ffec79b09b8d0a3fe442b
IAG20230140::Mayo-Agosto 2023,7dfa8ea70ee84f5d81000dfd65340616517f658dfb32b0d0078d22214144511f
IAG20230140::Septiembre-Diciembre 2022,6793674f47a96523793cead187079a3e615131d29b74fbb7c8d3a39e06c560e1
IAG20230141::Enero-Abril 2023,7dfa8ea70ee84f5d81000dfd65340616517f658dfb32b0d0078d22214144511f
IAG20230141::Septiembre-Diciembre 2022,7dfa8ea70ee84f5d81000dfd65340616517f658dfb32b0d0078d22214144511f
IAG20230155::Enero-Abril 2023,7dfa8ea70ee84f5d81000dfd65340616517f658dfb32b0d0078d22214144511f
IAG20230155::Septiembre-Diciembre 2022,7dfa8ea70ee84f5d81000dfd65340616517f658dfb32b0d0078d22214144511f
IAG20230179::Enero-Abril 2023,7dfa8ea70ee84f5d81000dfd65340616517f658dfb32b0d0078d22214144511f
IAG20230179::Septiembre-Diciembre 2023,7dfa8ea70ee84f5d81000dfd65340616517f658dfb32b0d0078d22214144511f
IAG20230188::Enero-Abril 2023,7dfa8ea70ee84f5d81000dfd65340616517f658dfb32b0d0078d22214144511f
IAG20230188::Mayo-Agosto 2023,7dfa8ea70ee84f5d81000dfd65340616517f658dfb32b0d0078d22214144511f
IAG20230188::Septiembre-Diciembre 2023,7dfa8ea70ee84f5d81000dfd65340616517f658dfb32b0d0078d22214144511f
IAG20230213::Septiembre-Diciembre 2023,2f20852544bb06baa4a257daecbe8b30e5bf01f4e83956daa21d99a40c39e8f9
IAG20230219::Enero-Abril 2023,7dfa8ea70ee84f5d81000dfd65340616517f658dfb32b0d0078d22214144511f
IAG20230219::Septiembre-Diciembre 2022,6793674f47a96523793cead187079a3e615131d29b74fbb7c8d3a39e06c560e1
IAG20230219::Septiembre-Diciembre 2023,7dfa8ea70ee84f5d81000dfd65340616517f658dfb32b0d0078d22214144511f
IAG20230236::Enero-Abril 2023,548efa6d09345756083f3c98178de297857d512ec4a70d370bbda42e2b32446a
IAG20230236::Septiembre-Diciembre 2022,548efa6d09345756083f3c98178de297857d512ec4a70d370bbda42e2b32446a
IAG20230261::Enero-Abril 2023,f4f0ebacf4e40f27b5b6e3ff9c8fc6aa5ed2f464e0366d8e1911e11113f9f3bd
IAG20230261::Septiembre-Diciembre 2022,7dfa8ea70ee84f5d81000dfd65340616517f658dfb32b0d0078d22214144511f
IAG20230261::Septiembre-Diciembre 2023,e836b92dfc75652163bf90c1a5eed987538cd3ab08becc2e5862554d87bd2d74
IAG20230266::Enero-Abril 2023,6793674f47a96523793cead187079a3e615131d29b74fbb7c8d3a39e06c560e1
IAG20230266::Mayo-Agosto 2023,b639955d381cc86ba8ae1bedeb65cbf837dc323265722a4bcc9a4d39ec85b38a
IAG20230266::Septiembre-Diciembre 2022,b639955d381cc86ba8ae1bedeb65cbf837dc323265722a4bcc9a4d39ec85b38a
IAG20230281::Enero-Abril 2023,3bf09650c2e8ff562f5f0c7606d6e24ab80aa6d35f92a72ff82822900f331f1a
IAG20230281::Septiembre-Diciembre 2022,5e6db20881ecb5f8607202aaa4bbc7924963619f4e42764c4c4f1f2f779b9a1c
IAG20230281::Septiembre-Diciembre 2023,a5de48df5a83122f8205f3d0eafb59f87f8153cf284ed24f78a7cea31395362c
IAG20230306::Enero-Abril 2023,5f2d574ed8b81f860d3907fbe1c85cbe86522d24cd56388ab1824e89e2f84f7a
IAG20230306::Septiembre-Diciembre 2022,6793674f47a96523793cead187079a3e615131d29b74fbb7c8d3a39e06c560e1
IAG20230337::Enero-Abril 2023,952555f750cab1aca1b233cca7c64c3017832aae745ffec79b09b8d0a3fe442b
IAG20230337::Mayo-Agosto 2023,6793674f47a96523793cead187079a3e615131d29b74fbb7c8d3a39e06c560e1
IAG20230337::Septiembre-Diciembre 2023,b639955d381cc86ba8ae1bedeb65cbf837dc323265722a4bcc9a4d39ec85b38a
IAG20230363::Septiembre-Diciembre 2022,5e6db20881ecb5f8607202aaa4bbc7924963619f4e42764c4c4f1f2f779b9a1c
IAG20230363::Septiembre-Diciembre 2023,e836b92dfc75652163bf90c1a5eed987538cd3ab08becc2e5862554d87bd2d74
IAG20230365::Enero-Abril 2023,e836b92dfc75652163bf90c1a5eed987538cd3ab08becc2e5862554d87bd2d74
IAG20230365::Septiembre-Diciembre 2022,6793674f47a96523793cead187079a3e615131d29b74fbb7c8d3a39e06c560e1
IAG20230387::Mayo-Agosto 2023,602f431a5422e6ddd975353045d99cedaf64b0f4d695c961b1bf9520312326cb
IAG20230387::Septiembre-Diciembre 2022,952555f750cab1aca1b233cca7c64c3017832aae745ffec79b09b8d0a3fe442b
IAG20230387::Septiembre-Diciembre 2023,b639955d381cc86ba8ae1bedeb65cbf837dc323265722a4bcc9a4d39ec85b38a
IAG20240031::Mayo-Agosto 2023,5e6db20881ecb5f8607202aaa4bbc7924963619f4e42764c4c4f1f2f779b9a1c
IAG20240031::Septiembre-Diciembre 2023,97c19b32f69e2103955589067178efb71888ede2d99f1645f9cb78277759da83
IAG20240106::Mayo-Agosto 2023,b639955d381cc86ba8ae1bedeb65cbf837dc323265722a4bcc9a4d39ec85b38a
IAG20240106::Septiembre-Diciembre 2022,602f431a5422e6ddd975353045d99cedaf64b0f4d695c961b1bf9520312326cb
IAG20240106::Septiembre-Diciembre 2023,4aee65686cf0027857c6101a90563c593aabf65e020618f72e8fe94b95e83fd1
IAG20240170::Enero-Abril 2023,f4f0ebacf4e40f27b5b6e3ff9c8fc6aa5ed2f464e0366d8e1911e11113f9f3bd
IAG20240170::Mayo-Agosto 2023,7dfa8ea70ee84f5d81000dfd65340616517f658dfb32b0d0078d22214144511f
IAG20240170::Septiembre-Diciembre 2022,7dfa8ea70ee84f5d81000dfd65340616517f658dfb32b0d0078d22214144511f
IAG20240170::Septiembre-Diciembre 2023,7dfa8ea70ee84f5d81000dfd65340616517f658dfb32b0d0078d22214144511f
IAG20240177::Enero-Abril 2023,602f431a5422e6ddd975353045d99cedaf64b0f4d695c961b1bf9520312326cb
IAG20240177::Septiembre-Diciembre 2023,b639955d381cc86ba8ae1bedeb65cbf837dc323265722a4bcc9a4d39ec85b38a
IAG20240207::Enero-Abril 2023,b639955d381cc86ba8ae1bedeb65cbf837dc323265722a4bcc9a4d39ec85b38a
IAG20240207::Septiembre-Diciembre 2022,b639955d381cc86ba8ae1bedeb65cbf837dc323265722a4bcc9a4d39ec85b38a
IAG20240207::Septiembre-Diciembre 2023,b639955d381cc86ba8ae1bedeb65cbf837dc323265722a4bcc9a4d39ec85b38a
IAG20240211::Enero-Abril 2023,7eaee4bb36a138a9046cf695272d202a8d4c8c32f2a7ace76cc5eb429299f300
IAG20240211::Mayo-Agosto 2023,7eaee4bb36a138a9046cf695272d202a8d4c8c32f2a7ace76cc5eb429299f300
IAG20240211::Septiembre-Diciembre 2022,3f27ef9a461cd4a819fa61dd56037d32616214d1b4bbaba1d53fef9dce7d1525
IAG20240211::Septiembre-Diciembre 2023,4384b62dab348c0fdc2bef798da87389d81382b9ae2122092b15b88bf567a0c2
IAG20240216::Enero-Abril 2023,7dfa8ea70ee84f5d81000dfd65340616517f658dfb32b0d0078d22214144511f
IAG20240216::Septiembre-Diciembre 2023,7dfa8ea70ee84f5d81000dfd65340616517f658dfb32b0d0078d22214144511f
IAG20240230::Enero-Abril 2023,dfe7a9dccc81facbb7a96211a600e4a463881d3b3b266cf9a0b00cf3ec849226
IAG20240237::Enero-Abril 2023,0de3386738aa07223f0cd4054e7d5bdeede753aaa6c158fc88e87481474f57b3
IAG20240237::Mayo-Agosto 2023,a5de48df5a83122f8205f3d0eafb59f87f8153cf284ed24f78a7cea31395362c
IAG20240237::Septiembre-Diciembre 2022,b639955d381cc86ba8ae1bedeb65cbf837dc323265722a4bcc9a4d39ec85b38a
IAG20240237::Septiembre-Diciembre 2023,1cad6aca141ead8cf64068c1eca631d7031f4eb4fdfa19b36f0e40637dab8723
IAG20240250::Enero-Abril 2023,e836b92dfc75652163bf90c1a5eed987538cd3ab08becc2e5862554d87bd2d74
IAG20240250::Mayo-Agosto 2023,97c19b32f69e2103955589067178efb71888ede2d99f1645f9cb78277759da83
IAG20240250::Septiembre-Diciembre 2023,4ef9d22cadbd8a7df2be416ca9f74a0a0c63bb86b828d28d77d3853d0798fbf6
IAG20240277::Mayo-Agosto 2023,dfe7a9dccc81facbb7a96211a600e4a463881d3b3b266cf9a0b00cf3ec849226
IAG20240277::Septiembre-Diciembre 2023,7dfa8ea70ee84f5d81000dfd65340616517f658dfb32b0d0078d22214144511f
IAG20240286::Enero-Abril 2023,5e6db20881ecb5f8607202aaa4bbc7924963619f4e42764c4c4f1f2f779b9a1c
IAG20240302::Enero-Abril 2023,97c19b32f69e2103955589067178efb71888ede2d99f1645f9cb78277759da83
IAG20240302::Mayo-Agosto 2023,4aee65686cf0027857c6101a90563c593aabf65e020618f72e8fe94b95e83fd1
IAG20240302::Septiembre-Diciembre 2022,5e6db20881ecb5f8607202aaa4bbc7924963619f4e42764c4c4f1f2f779b9a1c
IAG20240302::Septiembre-Diciembre 2023,a5de48df5a83122f8205f3d0eafb59f87f8153cf284ed24f78a7cea31395362c
IAG20240321::Enero-Abril 2023,7dfa8ea70ee84f5d81000dfd65340616517f658dfb32b0d0078d22214144511f
IAG20240347::Enero-Abril 2023,39343f7abfc22a809e7ad6a69d4392d19e40e5729c0ae91a7e37ac1e8c5a879f
IAG20240347::Mayo-Agosto 2023,625e9473e521576874e7c94d17acc73f513cc7c31326a9a56cd5d9c897d08bf0
IAG20240347::Septiembre-Diciembre 2022,39343f7abfc22a809e7ad6a69d4392d19e40e5729c0ae91a7e37ac1e8c5a879f
IAG20240347::Septiembre-Diciembre 2023,a5de48df5a83122f8205f3d0eafb59f87f8153cf284ed24f78a7cea31395362c
IBM20200010::Enero-Abril 2023,564421ef53b9f51011665a6ca02ea6cc58914cb6adb86c6a4301d93f792c8028
IBM20200010::Septiembre-Diciembre 2022,700f311ba64c91928f5ebe8552dc1f8f7b4a74dbbf4935a618aab17257148542
IBM20200010::Septiembre-Diciembre 2023,564421ef53b9f51011665a6ca02ea6cc58914cb6adb86c6a4301d93f792c8028
IBM20200017::Enero-Abril 2023,6ac698320d857485fb3eb65fbb7b2974b3be084f27ae4c52ce9fa284daf2400a
IBM20200017::Septiembre-Diciembre 2022,6ac698320d857485fb3eb65fbb7b2974b3be084f27ae4c52ce9fa284daf2400a
IBM20200017::Septiembre-Diciembre 2023,6ac698320d857485fb3eb65fbb7b2974b3be084f27ae4c52ce9fa284daf2400a
IBM20200042::Enero-Abril 2023,80eb825ccec92e7af97ad173e773ecbf87afaf74f85ea0b654e9f4c6a4e6b57a
IBM20200042::Septiembre-Diciembre 2022,564421ef53b9f51011665a6ca02ea6cc58914cb6adb86c6a4301d93f792c8028
IBM20200042::Septiembre-Diciembre 2023,bbc4fc8bc0938b58964f1be5119873dc18db6dadd6dadff52e10aad422409b84
IBM20200056::Septiembre-Diciembre 2022,564421ef53b9f51011665a6ca02ea6cc58914cb6adb86c6a4301d93f792c8028
IBM20200057::Enero-Abril 2023,ff27e3e948f950d02993ace3d7c78f7e1ef05155a1af48135f2cdcc05a2f1390
IBM20200057::Septiembre-Diciembre 2022,564421ef53b9f51011665a6ca02ea6cc58914cb6adb86c6a4301d93f792c8028
IBM20200057::Septiembre-Diciembre 2023,ff27e3e948f950d02993ace3d7c78f7e1ef05155a1af48135f2cdcc05a2f1390
IBM20200058::Enero-Abril 2023,ff27e3e948f950d02993ace3d7c78f7e1ef05155a1af48135f2cdcc05a2f1390
IBM20200058::Septiembre-Diciembre 2023,ff27e3e948f950d02993ace3d7c78f7e1ef05155a1af48135f2cdcc05a2f1390
IBM20200077::Enero-Abril 2023,564421ef53b9f51011665a6ca02ea6cc58914cb6adb86c6a4301d93f792c8028
IBM20200077::Mayo-Agosto 2023,ff27e3e948f950d02993ace3d7c78f7e1ef05155a1af48135f2cdcc05a2f1390
IBM20200077::Septiembre-Diciembre 2022,564421ef53b9f51011665a6ca02ea6cc58914cb6adb86c6a4301d93f792c8028
IBM20200082::Mayo-Agosto 2023,ff27e3e948f950d02993ace3d7c78f7e1ef05155a1af48135f2cdcc05a2f1390
IBM20200082::Septiembre-Diciembre 2022,ff27e3e948f950d02993ace3d7c78f7e1ef05155a1af48135f2cdcc05a2f1390
IBM20200093::Enero-Abril 2023,564421ef53b9f51011665a6ca02ea6cc58914cb6adb86c6a4301d93f792c8028
IBM20200093::Mayo-Agosto 2023,ff27e3e948f950d02993ace3d7c78f7e1ef05155a1af48135f2cdcc05a2f1390
IBM20200093::Septiembre-Diciembre 2023,564421ef53b9f51011665a6ca02ea6cc58914cb6adb86c6a4301d93f792c8028
IBM20200107::Septiembre-Diciembre 2022,80eb825ccec92e7af97ad173e773ecbf87afaf74f85ea0b654e9f4c6a4e6b57a
IBM20200150::Enero-Abril 2023,ff27e3e948f950d02993ace3d7c78f7e1ef05155a1af48135f2cdcc05a2f1390
IBM20200150::Mayo-Agosto 2023,ff27e3e948f950d02993ace3d7c78f7e1ef05155a1af48135f2cdcc05a2f1390
IBM20200150::Septiembre-Diciembre 2022,564421ef53b9f51011665a6ca02ea6cc58914cb6adb86c6a4301d93f792c8028
IBM20200150::Septiembre-Diciembre 2023,ff27e3e948f950d02993ace3d7c78f7e1ef05155a1af48135f2cdcc05a2f1390
IBM20200203::Enero-Abril 2023,80eb825ccec92e7af97ad173e773ecbf87afaf74f85ea0b654e9f4c6a4e6b57a
IBM20200203::Mayo-Agosto 2023,7862a7e2eecf206634044100fbc2901d5cff2034409411b8c18dc0304cbfe4c9
IBM20200203::Septiembre-Diciembre 2022,80eb825ccec92e7af97ad173e773ecbf87afaf74f85ea0b654e9f4c6a4e6b57a
IBM20200203::Septiembre-Diciembre 2023,c036d93005ff8052a148df892c19d540fbddff36f481bc742e0bab3c7356140d
IBM20200226::Enero-Abril 2023,564421ef53b9f51011665a6ca02ea6cc58914cb6adb86c6a4301d93f792c8028
IBM20200226::Septiembre-Diciembre 2022,564421ef53b9f51011665a6ca02ea6cc58914cb6adb86c6a4301d93f792c8028
IBM20200226::Septiembre-Diciembre 2023,564421ef53b9f51011665a6ca02ea6cc58914cb6adb86c6a4301d93f792c8028
IBM20200255::Mayo-Agosto 2023,ff27e3e948f950d02993ace3d7c78f7e1ef05155a1af48135f2cdcc05a2f1390
IBM20200255::Septiembre-Diciembre 2022,ff27e3e948f950d02993ace3d7c78f7e1ef05155a1af48135f2cdcc05a2f1390
IBM20200255::Septiembre-Diciembre 2023,ff27e3e948f950d02993ace3d7c78f7e1ef05155a1af48135f2cdcc05a2f1390
IBM20200260::Enero-Abril 2023,564421ef53b9f51011665a6ca02ea6cc58914cb6adb86c6a4301d93f792c8028
IBM20200260::Septiembre-Diciembre 2022,564421ef53b9f51011665a6ca02ea6cc58914cb6adb86c6a4301d93f792c8028
IBM20200311::Septiembre-Diciembre 2022,564421ef53b9f51011665a6ca02ea6cc58914cb6adb86c6a4301d93f792c8028
IBM20200329::Enero-Abril 2023,ff27e3e948f950d02993ace3d7c78f7e1ef05155a1af48135f2cdcc05a2f1390
IBM20200329::Mayo-Agosto 2023,ff27e3e948f950d02993ace3d7c78f7e1ef05155a1af48135f2cdcc05a2f1390
IBM20200329::Septiembre-Diciembre 2022,ff27e3e948f950d02993ace3d7c78f7e1ef05155a1af48135f2cdcc05a2f1390
IBM20200331::Enero-Abril 2023,5bb34f9a8610ee680674a0df92ee9117c0dbe1acc23f52a0c36eb88908d0bf40
IBM20200331::Septiembre-Diciembre 2023,7862a7e2eecf206634044100fbc2901d5cff2034409411b8c18dc0304cbfe4c9
IBM20200333::Enero-Abril 2023,564421ef53b9f51011665a6ca02ea6cc58914cb6adb86c6a4301d93f792c8028
IBM20200333::Mayo-Agosto 2023,564421ef53b9f51011665a6ca02ea6cc58914cb6adb86c6a4301d93f792c8028
IBM20200333::Septiembre-Diciembre 2023,564421ef53b9f51011665a6ca02ea6cc58914cb6adb86c6a4301d93f792c8028
IBM20200336::Enero-Abril 2023,564421ef53b9f51011665a6ca02ea6cc58914cb6adb86c6a4301d93f792c8028
IBM20200336::Septiembre-Diciembre 2022,700f311ba64c91928f5ebe8552dc1f8f7b4a74dbbf4935a618aab17257148542
IBM20200338::Enero-Abril 2023,80eb825ccec92e7af97ad173e773ecbf87afaf74f85ea0b654e9f4c6a4e6b57a
IBM20200338::Mayo-Agosto 2023,bbc4fc8bc0938b58964f1be5119873dc18db6dadd6dadff52e10aad422409b84
IBM20200338::Septiembre-Diciembre 2022,564421ef53b9f51011665a6ca02ea6cc58914cb6adb86c6a4301d93f792c8028
IBM20200338::Septiembre-Diciembre 2023,bbc4fc8bc0938b58964f1be5119873dc18db6dadd6dadff52e10aad422409b84
IBM20200343::Enero-Abril 2023,564421ef53b9f51011665a6ca02ea6cc58914cb6adb86c6a4301d93f792c8028
IBM20200343::Mayo-Agosto 2023,80eb825ccec92e7af97ad173e773ecbf87afaf74f85ea0b654e9f4c6a4e6b57a
IBM20200343::Septiembre-Diciembre 2022,700f311ba64c91928f5ebe8552dc1f8f7b4a74dbbf4935a618aab17257148542
IBM20200343::Septiembre-Diciembre 2023,9bf201fa702d84114b4261a80f559ef60e607c41bc068ee3b60a7a1e5c9efa9f
IBM20200375::Septiembre-Diciembre 2022,564421ef53b9f51011665a6ca02ea6cc58914cb6adb86c6a4301d93f792c8028
IBM20200375::Septiembre-Diciembre 2023,9bf201fa702d84114b4261a80f559ef60e607c41bc068ee3b60a7a1e5c9efa9f
IBM20210004::Mayo-Agosto 2023,ff27e3e948f950d02993ace3d7c78f7e1ef05155a1af48135f2cdcc05a2f1390
IBM20210004::Septiembre-Diciembre 2022,dab4811ab159b87fd4f3648b78caffda4aca9d43a24dc7c24be3413ad011a869
IBM20210004::Septiembre-Diciembre 2023,ff27e3e948f950d02993ace3d7c78f7e1ef05155a1af48135f2cdcc05a2f1390
IBM20210044::Septiembre-Diciembre 2022,7b46d019642793a079c73032d65015749638188377699648ffd06366811048da
IBM20210044::Septiembre-Diciembre 2023,49c2e5bc6199f85a7d7398e4086d5e69e369796a1da3d073c66fe73d2bf32dae
IBM20210049::Enero-Abril 2023,80eb825ccec92e7af97ad173e773ecbf87afaf74f85ea0b654e9f4c6a4e6b57a
IBM20210049::Septiembre-Diciembre 2023,bbc4fc8bc0938b58964f1be5119873dc18db6dadd6dadff52e10aad422409b84
IBM20210070::Septiembre-Diciembre 2022,500ab9e96823c0cf096a719ce334e9fb4f214e5af93ebda34be68f4ce87bd3df
IBM20210102::Mayo-Agosto 2023,50a227e8342eef97dc95c990383f5ba5f2be4ff9953d9f516a797b20fd32d0bf
IBM20210102::Septiembre-Diciembre 2022,5f39ba42fb6499ad0bbdcfe678f7001ac10f1eb40d15c93af49c869018095f84
IBM20210102::Septiembre-Diciembre 2023,9d966bb13995dfa71e67d7de2d7d59c0783137730d59cc02555ff5b28c63c953
IBM20210111::Enero-Abril 2023,444c51af2ca258cd90b8aaecf59fcb4803b3a9c85b0ada88440df77055ee26e9
IBM20210111::Septiembre-Diciembre 2022,500ab9e96823c0cf096a719ce334e9fb4f214e5af93ebda34be68f4ce87bd3df
IBM20210111::Septiembre-Diciembre 2023,bbc4fc8bc0938b58964f1be5119873dc18db6dadd6dadff52e10aad422409b84
IBM20210147::Septiembre-Diciembre 2022,edbc1c1fac164510e6b7999435eb640405e061b1904712d30a61e3967f73b0b8
IBM20210147::Septiembre-Diciembre 2023,6f5d077f56b1943481ce8930e30d30fafc2588c7d084990694ff334c69b95883
IBM20210151::Septiembre-Diciembre 2023,80eb825ccec92e7af97ad173e773ecbf87afaf74f85ea0b654e9f4c6a4e6b57a
IBM20210204::Enero-Abril 2023,444c51af2ca258cd90b8aaecf59fcb4803b3a9c85b0ada88440df77055ee26e9
IBM20210204::Septiembre-Diciembre 2022,7b46d019642793a079c73032d65015749638188377699648ffd06366811048da
IBM20210204::Septiembre-Diciembre 2023,80eb825ccec92e7af97ad173e773ecbf87afaf74f85ea0b654e9f4c6a4e6b57a
IBM20210205::Enero-Abril 2023,49c2e5bc6199f85a7d7398e4086d5e69e369796a1da3d073c66fe73d2bf32dae
IBM20210205::Mayo-Agosto 2023,49c2e5bc6199f85a7d7398e4086d5e69e369796a1da3d073c66fe73d2bf32dae
IBM20210205::Septiembre-Diciembre 2022,dab4811ab159b87fd4f3648b78caffda4aca9d43a24dc7c24be3413ad011a869
IBM20210263::Enero-Abril 2023,500ab9e96823c0cf096a719ce334e9fb4f214e5af93ebda34be68f4ce87bd3df
IBM20210294::Enero-Abril 2023,500ab9e96823c0cf096a719ce334e9fb4f214e5af93ebda34be68f4ce87bd3df
IBM20210294::Mayo-Agosto 2023,500ab9e96823c0cf096a719ce334e9fb4f214e5af93ebda34be68f4ce87bd3df
IBM20210294::Septiembre-Diciembre 2022,7b46d019642793a079c73032d65015749638188377699648ffd06366811048da
IBM20210294::Septiembre-Diciembre 2023,500ab9e96823c0cf096a719ce334e9fb4f214e5af93ebda34be68f4ce87bd3df
IBM20210298::Enero-Abril 2023,9bf201fa702d84114b4261a80f559ef60e607c41bc068ee3b60a7a1e5c9efa9f
IBM20210310::Mayo-Agosto 2023,ff27e3e948f950d02993ace3d7c78f7e1ef05155a1af48135f2cdcc05a2f1390
IBM20210310::Septiembre-Diciembre 2023,ff27e3e948f950d02993ace3d7c78f7e1ef05155a1af48135f2cdcc05a2f1390
IBM20210325::Enero-Abril 2023,dab4811ab159b87fd4f3648b78caffda4aca9d43a24dc7c24be3413ad011a869
IBM20210325::Septiembre-Diciembre 2022,5b91ddc87b0273de87f7829cc45b5ce5b32dcfb80d02d50d0232d61658eead22
IBM20210325::Septiembre-Diciembre 2023,ff27e3e948f950d02993ace3d7c78f7e1ef05155a1af48135f2cdcc05a2f1390
IBM20210330::Septiembre-Diciembre 2022,500ab9e96823c0cf096a719ce334e9fb4f214e5af93ebda34be68f4ce87bd3df
IBM20210330::Septiembre-Diciembre 2023,7862a7e2eecf206634044100fbc2901d5cff2034409411b8c18dc0304cbfe4c9
IBM20210335::Septiembre-Diciembre 2022,500ab9e96823c0cf096a719ce334e9fb4f214e5af93ebda34be68f4ce87bd3df
IBM20210335::Septiembre-Diciembre 2023,564421ef53b9f51011665a6ca02ea6cc58914cb6adb86c6a4301d93f792c8028
IBM20220096::Mayo-Agosto 2023,7c2fa8c08a5231aa188d5a1301f0e3024b0e7c4217c6bbd6708e3428dd57186d
IBM20220096::Septiembre-Diciembre 2022,5b91ddc87b0273de87f7829cc45b5ce5b32dcfb80d02d50d0232d61658eead22
IBM20220096::Septiembre-Diciembre 2023,dab4811ab159b87fd4f3648b78caffda4aca9d43a24dc7c24be3413ad011a869
IBM20220115::Mayo-Agosto 2023,eef05e1915d19f6a530303018fbc64252fcdb554860c974cc246a2e4aaa0fcaa
IBM20220115::Septiembre-Diciembre 2022,ecbb769db19c8de53cb52675a6f7a2417f262236737f9e1d5f3e8434683e35e2
IBM20220115::Septiembre-Diciembre 2023,444c51af2ca258cd90b8aaecf59fcb4803b3a9c85b0ada88440df77055ee26e9
IBM20220125::Enero-Abril 2023,3e5040d3aca8761142ed4cbd2c5001a441ba6e9d3fd85f9e146859d43b410aef
IBM20220125::Mayo-Agosto 2023,9fd7f0cb3dcd66b86ee9a390948ed5af32d3011a1cbc295969b170598cc3f955
IBM20220125::Septiembre-Diciembre 2023,bf7f94850cbf0e964326f80f2bd7176288756d649fcea36197ceeb36c3139b77
IBM20220144::Enero-Abril 2023,444c51af2ca258cd90b8aaecf59fcb4803b3a9c85b0ada88440df77055ee26e9
IBM20220144::Septiembre-Diciembre 2022,bc54f57fa72a97d5eb05b9da2d822e804cb178c621f67daaf2adcce4e542b9e9
IBM20220144::Septiembre-Diciembre 2023,290872e014176e8eeb57ce1841c66814ec5f8aeacdebd6aa31484cdc97a447b3
IBM20220185::Mayo-Agosto 2023,ecbb769db19c8de53cb52675a6f7a2417f262236737f9e1d5f3e8434683e35e2
IBM20220185::Septiembre-Diciembre 2022,ecbb769db19c8de53cb52675a6f7a2417f262236737f9e1d5f3e8434683e35e2
IBM20220185::Septiembre-Diciembre 2023,f013d25eec9fe8efd3878b14cc29d107cf0f5de958836d1cfb96059b22c81848
IBM20220193::Enero-Abril 2023,500ab9e96823c0cf096a719ce334e9fb4f214e5af93ebda34be68f4ce87bd3df
IBM20220193::Septiembre-Diciembre 2023,f013d25eec9fe8efd3878b14cc29d107cf0f5de958836d1cfb96059b22c81848
IBM20220209::Enero-Abril 2023,49c2e5bc6199f85a7d7398e4086d5e69e369796a1da3d073c66fe73d2bf32dae
IBM20220218::Mayo-Agosto 2023,64f0d1028ab740f4b71c8fc7dc21521e3a4638f31208b5a84944e139839e8a1c
IBM20220218::Septiembre-Diciembre 2023,54b4e57e204460c7869f9baccc11b1cf4a7f54b62bef76ac5837ec5cc628e69d
IBM20220278::Enero-Abril 2023,444c51af2ca258cd90b8aaecf59fcb4803b3a9c85b0ada88440df77055ee26e9
IBM20220278::Mayo-Agosto 2023,5b282ece012589c2277f35b67b9a9e531a8f46aadae9bc2dba8ff352c561fdc3
IBM20220278::Septiembre-Diciembre 2022,5b91ddc87b0273de87f7829cc45b5ce5b32dcfb80d02d50d0232d61658eead22
IBM20220278::Septiembre-Diciembre 2023,444c51af2ca258cd90b8aaecf59fcb4803b3a9c85b0ada88440df77055ee26e9
IBM20220295::Enero-Abril 2023,500ab9e96823c0cf096a719ce334e9fb4f214e5af93ebda34be68f4ce87bd3df
IBM20220295::Septiembre-Diciembre 2022,7b46d019642793a079c73032d65015749638188377699648ffd06366811048da
IBM20220359::Enero-Abril 2023,500ab9e96823c0cf096a719ce334e9fb4f214e5af93ebda34be68f4ce87bd3df
IBM20220359::Septiembre-Diciembre 2023,5b91ddc87b0273de87f7829cc45b5ce5b32dcfb80d02d50d0232d61658eead22
IBM20220362::Mayo-Agosto 2023,edbc1c1fac164510e6b7999435eb640405e061b1904712d30a61e3967f73b0b8
IBM20220362::Septiembre-Diciembre 2023,bc54f57fa72a97d5eb05b9da2d822e804cb178c621f67daaf2adcce4e542b9e9
IBM20230006::Enero-Abril 2023,3e5040d3aca8761142ed4cbd2c5001a441ba6e9d3fd85f9e146859d43b410aef
IBM20230006::Septiembre-Diciembre 2022,a8406f70e304346369336e79c1d9783bd919af63eb736c0a1960dfe2828bae90
IBM20230013::Septiembre-Diciembre 2023,97a33e252d6eb5c07ae9024b8ef8040be55af0a82a2e879513b0c121e9ea779b
IBM20230025::Mayo-Agosto 2023,9fd7f0cb3dcd66b86ee9a390948ed5af32d3011a1cbc295969b170598cc3f955
IBM20230025::Septiembre-Diciembre 2022,f43209cfeb6f985a9957491f099d1ceba54035a629c42281f6ed6aeac6558bd6
IBM20230025::Septiembre-Diciembre 2023,3e5040d3aca8761142ed4cbd2c5001a441ba6e9d3fd85f9e146859d43b410aef
IBM20230064::Enero-Abril 2023,85ccee9dfad7fd85dcbc9296f6f0329463e62e9010e5914fc3412e94891dcc24
IBM20230064::Mayo-Agosto 2023,85ccee9dfad7fd85dcbc9296f6f0329463e62e9010e5914fc3412e94891dcc24
IBM20230064::Septiembre-Diciembre 2022,3e5040d3aca8761142ed4cbd2c5001a441ba6e9d3fd85f9e146859d43b410aef
IBM20230091::Enero-Abril 2023,f43209cfeb6f985a9957491f099d1ceba54035a629c42281f6ed6aeac6558bd6
IBM20230091::Mayo-Agosto 2023,a8406f70e304346369336e79c1d9783bd919af63eb736c0a1960dfe2828bae90
IBM20230091::Septiembre-Diciembre 2022,3e5040d3aca8761142ed4cbd2c5001a441ba6e9d3fd85f9e146859d43b410aef
IBM20230091::Septiembre-Diciembre 2023,3e5040d3aca8761142ed4cbd2c5001a441ba6e9d3fd85f9e146859d43b410aef
IBM20230131::Enero-Abril 2023,b06105d870e2c07299ca1c909305868068176194fd2e196bf7718b6ca3566486
IBM20230131::Septiembre-Diciembre 2022,f01bf9dcef3095592f67aa6e10b13fee25ffc8bfbd173772d568542dda882b0d
IBM20230131::Septiembre-Diciembre 2023,2738c2640775a829e1df0a4267f64aafaec226219118fd58a19162f71c0fdcc6
IBM20230228::Enero-Abril 2023,bf7f94850cbf0e964326f80f2bd7176288756d649fcea36197ceeb36c3139b77
IBM20230228::Mayo-Agosto 2023,bf7f94850cbf0e964326f80f2bd7176288756d649fcea36197ceeb36c3139b77
IBM20230233::Enero-Abril 2023,f43209cfeb6f985a9957491f099d1ceba54035a629c42281f6ed6aeac6558bd6
IBM20230233::Septiembre-Diciembre 2023,8a5e6ed3029d0994f78514250d01f35cf575d39389b59e9877fca340ac6edbbc
IBM20230257::Mayo-Agosto 2023,3dca8a201f6be0d7230b148a51a0cb27df10fb0303372d33d2a770675ad9bb64
IBM20230257::Septiembre-Diciembre 2022,9fd7f0cb3dcd66b86ee9a390948ed5af32d3011a1cbc295969b170598cc3f955
IBM20230257::Septiembre-Diciembre 2023,71edffa6ff77988d01466e85c196f093daaad498d92cac74d44f46d675862064
IBM20230269::Mayo-Agosto 2023,8a5e6ed3029d0994f78514250d01f35cf575d39389b59e9877fca340ac6edbbc
IBM20230269::Septiembre-Diciembre 2022,bf7f94850cbf0e964326f80f2bd7176288756d649fcea36197ceeb36c3139b77
IBM20230269::Septiembre-Diciembre 2023,57c12f51d9b4078a1eaccf9ce89618b31af81f3f618961a5ae4a60701ee3234d
IBM20230288::Enero-Abril 2023,2ad54a58569533666db0c8e140600b11640f6790758f4f2259e7bd55df6e58bd
IBM20230288::Mayo-Agosto 2023,8a5e6ed3029d0994f78514250d01f35cf575d39389b59e9877fca340ac6edbbc
IBM20230288::Septiembre-Diciembre 2022,d2da44e9c05051a980f8f912343866c5a22a23793f1ca22b7e3a065beac22321
IBM20230288::Septiembre-Diciembre 2023,f013d25eec9fe8efd3878b14cc29d107cf0f5de958836d1cfb96059b22c81848
IBM20230300::Enero-Abril 2023,8a5e6ed3029d0994f78514250d01f35cf575d39389b59e9877fca340ac6edbbc
IBM20230300::Septiembre-Diciembre 2022,bf7f94850cbf0e964326f80f2bd7176288756d649fcea36197ceeb36c3139b77
IBM20230300::Septiembre-Diciembre 2023,6c9b1fc52e397412007551da86825e710e80b273cc6bb196233b9603d33d4b67
IBM20230341::Mayo-Agosto 2023,bf7f94850cbf0e964326f80f2bd7176288756d649fcea36197ceeb36c3139b77
IBM20230351::Enero-Abril 2023,9fd7f0cb3dcd66b86ee9a390948ed5af32d3011a1cbc295969b170598cc3f955
IBM20230351::Septiembre-Diciembre 2022,9fd7f0cb3dcd66b86ee9a390948ed5af32d3011a1cbc295969b170598cc3f955
IBM20230372::Septiembre-Diciembre 2023,500ab9e96823c0cf096a719ce334e9fb4f214e5af93ebda34be68f4ce87bd3df
IBM20240003::Enero-Abril 2023,bf7f94850cbf0e964326f80f2bd7176288756d649fcea36197ceeb36c3139b77
IBM20240003::Mayo-Agosto 2023,bf7f94850cbf0e964326f80f2bd7176288756d649fcea36197ceeb36c3139b77
IBM20240003::Septiembre-Diciembre 2022,3e5040d3aca8761142ed4cbd2c5001a441ba6e9d3fd85f9e146859d43b410aef
IBM20240037::Enero-Abril 2023,6c9b1fc52e397412007551da86825e710e80b273cc6bb196233b9603d33d4b67
IBM20240037::Septiembre-Diciembre 2022,8a5e6ed3029d0994f78514250d01f35cf575d39389b59e9877fca340ac6edbbc
IBM20240118::Mayo-Agosto 2023,a08c75394f7c6ec96e2c2c4067601050d7fa60ad7577021fa4ec4dbdbd08c0d3
IBM20240118::Septiembre-Diciembre 2023,6c9b1fc52e397412007551da86825e710e80b273cc6bb196233b9603d33d4b67
IBM20240137::Enero-Abril 2023,bf7f94850cbf0e964326f80f2bd7176288756d649fcea36197ceeb36c3139b77
IBM20240137::Mayo-Agosto 2023,bc358955690e53405ae5a2f4b8ca5ba064e1daf5fc46d71b598ed34d953df780
IBM20240145::Enero-Abril 2023,bf7f94850cbf0e964326f80f2bd7176288756d649fcea36197ceeb36c3139b77
IBM20240145::Septiembre-Diciembre 2022,3e5040d3aca8761142ed4cbd2c5001a441ba6e9d3fd85f9e146859d43b410aef
IBM20240145::Septiembre-Diciembre 2023,bf7f94850cbf0e964326f80f2bd7176288756d649fcea36197ceeb36c3139b77
IBM20240161::Enero-Abril 2023,2738c2640775a829e1df0a4267f64aafaec226219118fd58a19162f71c0fdcc6
IBM20240161::Mayo-Agosto 2023,b06105d870e2c07299ca1c909305868068176194fd2e196bf7718b6ca3566486
IBM20240161::Septiembre-Diciembre 2022,fe74c6d62a660ab990d63a1625e36ce94447681d9b90b542d0e33af2bf8168be
IBM20240169::Mayo-Agosto 2023,f01bf9dcef3095592f67aa6e10b13fee25ffc8bfbd173772d568542dda882b0d
IBM20240169::Septiembre-Diciembre 2022,3e5040d3aca8761142ed4cbd2c5001a441ba6e9d3fd85f9e146859d43b410aef
IBM20240169::Septiembre-Diciembre 2023,8a5e6ed3029d0994f78514250d01f35cf575d39389b59e9877fca340ac6edbbc
IBM20240190::Septiembre-Diciembre 2022,7958ce2ab85e921f68d04b1f88c9c6703f374f5d5734eb112dd408a49016d4bc
IBM20240198::Mayo-Agosto 2023,2738c2640775a829e1df0a4267f64aafaec226219118fd58a19162f71c0fdcc6
IBM20240198::Septiembre-Diciembre 2022,d2da44e9c05051a980f8f912343866c5a22a23793f1ca22b7e3a065beac22321
IBM20240198::Septiembre-Diciembre 2023,a674035a998ebf00826302c35707f745b712690028720e03206c9082c9b29b03
IBM20240201::Mayo-Agosto 2023,6c9b1fc52e397412007551da86825e710e80b273cc6bb196233b9603d33d4b67
IBM20240201::Septiembre-Diciembre 2022,8a5e6ed3029d0994f78514250d01f35cf575d39389b59e9877fca340ac6edbbc
IBM20240201::Septiembre-Diciembre 2023,6c9b1fc52e397412007551da86825e710e80b273cc6bb196233b9603d33d4b67
IBM20240285::Enero-Abril 2023,85ccee9dfad7fd85dcbc9296f6f0329463e62e9010e5914fc3412e94891dcc24
IBM20240285::Septiembre-Diciembre 2023,2ad54a58569533666db0c8e140600b11640f6790758f4f2259e7bd55df6e58bd
IBM20240296::Enero-Abril 2023,bf7f94850cbf0e964326f80f2bd7176288756d649fcea36197ceeb36c3139b77
IBM20240296::Septiembre-Diciembre 2022,3e5040d3aca8761142ed4cbd2c5001a441ba6e9d3fd85f9e146859d43b410aef
IBM20240296::Septiembre-Diciembre 2023,021eb54b335ad05f78e1e5101eb0b095082ef757f75d4b762a4ff874c4e8fb8f
IBM20240305::Septiembre-Diciembre 2023,bf7f94850cbf0e964326f80f2bd7176288756d649fcea36197ceeb36c3139b77
IBM20240307::Septiembre-Diciembre 2023,8a5e6ed3029d0994f78514250d01f35cf575d39389b59e9877fca340ac6edbbc
IBM20240364::Enero-Abril 2023,f43209cfeb6f985a9957491f099d1ceba54035a629c42281f6ed6aeac6558bd6
IBM20240364::Septiembre-Diciembre 2022,bf7f94850cbf0e964326f80f2bd7176288756d649fcea36197ceeb36c3139b77
IBM20240364::Septiembre-Diciembre 2023,bf7f94850cbf0e964326f80f2bd7176288756d649fcea36197ceeb36c3139b77
IBM20240370::Enero-Abril 2023,85ccee9dfad7fd85dcbc9296f6f0329463e62e9010e5914fc3412e94891dcc24
IBM20240370::Mayo-Agosto 2023,adaa8e14c761ff365b15d33046e45a76c676b464408b896aefe0519971d6a6a1
IBM20240370::Septiembre-Diciembre 2022,f01bf9dcef3095592f67aa6e10b13fee25ffc8bfbd173772d568542dda882b0d
IBM20240370::Septiembre-Diciembre 2023,7fd1b243e9650215fe7f3036616ea80b5cfc9ee78f50ca92b993705401a7c9f6
IBM20240380::Mayo-Agosto 2023,3e5040d3aca8761142ed4cbd2c5001a441ba6e9d3fd85f9e146859d43b410aef
IBM20240380::Septiembre-Diciembre 2023,3dca8a201f6be0d7230b148a51a0cb27df10fb0303372d33d2a770675ad9bb64
IDS20200001::Enero-Abril 2023,9dcf5e923eb8ae262a7f08fa2ad399e24c1b6781850f48acf579604ae18244c0
IDS20200001::Mayo-Agosto 2023,9dcf5e923eb8ae262a7f08fa2ad399e24c1b6781850f48acf579604ae18244c0
IDS20200001::Septiembre-Diciembre 2022,53be70a575ce0205a42f9c3268b013ffd8e7e306052baf6b6e062a65f4b00cae
IDS20200001::Septiembre-Diciembre 2023,9dcf5e923eb8ae262a7f08fa2ad399e24c1b6781850f48acf579604ae18244c0
IDS20200012::Enero-Abril 2023,d6c23207403be7ce4ec0d809ea422adc5d9536985d2638f5ac16227f36d85771
IDS20200012::Mayo-Agosto 2023,af0153d292b2a4ae8118cb6aca1af9bc250d870a7fbf9af977668e63a78dec63
IDS20200012::Septiembre-Diciembre 2022,d067c2ac55d851296d84e88d37b250b5d37fdb397242854a759207af962f5dfa
IDS20200012::Septiembre-Diciembre 2023,a1cd30fd027698ac67a358ef23c6c6ad02005eb195a74973a4cfb353cb15fc92
IDS20200026::Enero-Abril 2023,d067c2ac55d851296d84e88d37b250b5d37fdb397242854a759207af962f5dfa
IDS20200026::Septiembre-Diciembre 2022,9dcf5e923eb8ae262a7f08fa2ad399e24c1b6781850f48acf579604ae18244c0
IDS20200026::Septiembre-Diciembre 2023,3b6d51ba3241f00d4b943f7a91a58b19d990a18f79363844e9c5f77cc3e5d997
IDS20200055::Enero-Abril 2023,e9f0abeaf619f00db70822134a1a89add2519d20375027bb6c377e265a8e0c30
IDS20200055::Mayo-Agosto 2023,e9f0abeaf619f00db70822134a1a89add2519d20375027bb6c377e265a8e0c30
IDS20200055::Septiembre-Diciembre 2022,9dcf5e923eb8ae262a7f08fa2ad399e24c1b6781850f48acf579604ae18244c0
IDS20200065::Enero-Abril 2023,bd51bb66a2de8ab77b88e19021b0e54a515b3c2eeb81cd2c693e346eb07d1a13
IDS20200065::Septiembre-Diciembre 2022,bd51bb66a2de8ab77b88e19021b0e54a515b3c2eeb81cd2c693e346eb07d1a13
IDS20200066::Enero-Abril 2023,e9f0abeaf619f00db70822134a1a89add2519d20375027bb6c377e265a8e0c30
IDS20200066::Mayo-Agosto 2023,d067c2ac55d851296d84e88d37b250b5d37fdb397242854a759207af962f5dfa
IDS20200066::Septiembre-Diciembre 2022,9dcf5e923eb8ae262a7f08fa2ad399e24c1b6781850f48acf579604ae18244c0
IDS20200066::Septiembre-Diciembre 2023,d396d6b229b098c52b4d2d63e9a4f5a5549f3d51f008a6684d9264702a34b91b
IDS20200078::Enero-Abril 2023,9dcf5e923eb8ae262a7f08fa2ad399e24c1b6781850f48acf579604ae18244c0
IDS20200078::Septiembre-Diciembre 2022,9dcf5e923eb8ae262a7f08fa2ad399e24c1b6781850f48acf579604ae18244c0
IDS20200078::Septiembre-Diciembre 2023,d067c2ac55d851296d84e88d37b250b5d37fdb397242854a759207af962f5dfa
IDS20200099::Enero-Abril 2023,aa70325be8ef72d44bc7a8d8e8616c6dcdc80707c3f790b79a7aa68a7738950a
IDS20200099::Septiembre-Diciembre 2022,9dcf5e923eb8ae262a7f08fa2ad399e24c1b6781850f48acf579604ae18244c0
IDS20200101::Enero-Abril 2023,e9f0abeaf619f00db70822134a1a89add2519d20375027bb6c377e265a8e0c30
IDS20200101::Septiembre-Diciembre 2023,52fc7ae248e9d70a80e31d74a7a0e98c1bfb959f35c78735152b530a8ba5b636
IDS20200114::Enero-Abril 2023,9dcf5e923eb8ae262a7f08fa2ad399e24c1b6781850f48acf579604ae18244c0
IDS20200114::Mayo-Agosto 2023,d067c2ac55d851296d84e88d37b250b5d37fdb397242854a759207af962f5dfa
IDS20200114::Septiembre-Diciembre 2022,e9f0abeaf619f00db70822134a1a89add2519d20375027bb6c377e265a8e0c30
IDS20200114::Septiembre-Diciembre 2023,759b3d27d47a00e56d2f6cee6925cef3ac3d11cfaa671efa35b8971c33131427
IDS20200117::Enero-Abril 2023,e9f0abeaf619f00db70822134a1a89add2519d20375027bb6c377e265a8e0c30
IDS20200117::Mayo-Agosto 2023,e9f0abeaf619f00db70822134a1a89add2519d20375027bb6c377e265a8e0c30
IDS20200117::Septiembre-Diciembre 2023,e9f0abeaf619f00db70822134a1a89add2519d20375027bb6c377e265a8e0c30
IDS20200152::Enero-Abril 2023,4ec5fdcb037c14d79cddecb6113e5bfb25a061a32843b21cccab7bcb8d2b5c7f
IDS20200152::Mayo-Agosto 2023,f872668e3e4b7c193c01e2be387676f8b486b60530ff7b5f47d7c94048df03b0
IDS20200152::Septiembre-Diciembre 2022,6081015f1e0e0648889acd159936c209401f4528dc2b58f2ee7ba964d31aab4b
IDS20200152::Septiembre-Diciembre 2023,a7a92b5840291b89a455ef90100f4ef38eb978b75cd4115347812950e07eb9ef
IDS20200174::Enero-Abril 2023,9dcf5e923eb8ae262a7f08fa2ad399e24c1b6781850f48acf579604ae18244c0
IDS20200174::Mayo-Agosto 2023,d067c2ac55d851296d84e88d37b250b5d37fdb397242854a759207af962f5dfa
IDS20200191::Septiembre-Diciembre 2022,5de1c9f1428d44389a71bb97971f9144969df4c2e13ee7b2f903cc9e4359251c
IDS20200191::Septiembre-Diciembre 2023,537430177294aa2edbca9f8f0c2719fdb5d90a67178837edfe046a71dc180c2f
IDS20200195::Mayo-Agosto 2023,d067c2ac55d851296d84e88d37b250b5d37fdb397242854a759207af962f5dfa
IDS20200195::Septiembre-Diciembre 2023,d067c2ac55d851296d84e88d37b250b5d37fdb397242854a759207af962f5dfa
IDS20200210::Enero-Abril 2023,a1cd30fd027698ac67a358ef23c6c6ad02005eb195a74973a4cfb353cb15fc92
IDS20200210::Septiembre-Diciembre 2022,d067c2ac55d851296d84e88d37b250b5d37fdb397242854a759207af962f5dfa
IDS20200309::Enero-Abril 2023,53be70a575ce0205a42f9c3268b013ffd8e7e306052baf6b6e062a65f4b00cae
IDS20200309::Septiembre-Diciembre 2022,9dcf5e923eb8ae262a7f08fa2ad399e24c1b6781850f48acf579604ae18244c0
IDS20200353::Mayo-Agosto 2023,e9f0abeaf619f00db70822134a1a89add2519d20375027bb6c377e265a8e0c30
IDS20200353::Septiembre-Diciembre 2022,9dcf5e923eb8ae262a7f08fa2ad399e24c1b6781850f48acf579604ae18244c0
IDS20200353::Septiembre-Diciembre 2023,d067c2ac55d851296d84e88d37b250b5d37fdb397242854a759207af962f5dfa
IDS20200377::Enero-Abril 2023,e9f0abeaf619f00db70822134a1a89add2519d20375027bb6c377e265a8e0c30
IDS20200377::Mayo-Agosto 2023,e9f0abeaf619f00db70822134a1a89add2519d20375027bb6c377e265a8e0c30
IDS20200377::Septiembre-Diciembre 2022,9dcf5e923eb8ae262a7f08fa2ad399e24c1b6781850f48acf579604ae18244c0
IDS20200377::Septiembre-Diciembre 2023,e9f0abeaf619f00db70822134a1a89add2519d20375027bb6c377e265a8e0c30
IDS20210033::Enero-Abril 2023,836137aa0f9004fc4e8f54e49d3305d97560a6634261b53fff5a90708069d9a4
IDS20210033::Mayo-Agosto 2023,836137aa0f9004fc4e8f54e49d3305d97560a6634261b53fff5a90708069d9a4
IDS20210033::Septiembre-Diciembre 2022,836137aa0f9004fc4e8f54e49d3305d97560a6634261b53fff5a90708069d9a4
IDS20210033::Septiembre-Diciembre 2023,836137aa0f9004fc4e8f54e49d3305d97560a6634261b53fff5a90708069d9a4
IDS20210038::Enero-Abril 2023,6081015f1e0e0648889acd159936c209401f4528dc2b58f2ee7ba964d31aab4b
IDS20210038::Septiembre-Diciembre 2022,96d05fb06561e9b9dc40bdfeb67cf02c405b4957f931aaa213e9bef659a59b55
IDS20210041::Enero-Abril 2023,9dcf5e923eb8ae262a7f08fa2ad399e24c1b6781850f48acf579604ae18244c0
IDS20210041::Septiembre-Diciembre 2023,e9f0abeaf619f00db70822134a1a89add2519d20375027bb6c377e265a8e0c30
IDS20210046::Enero-Abril 2023,97b6398e2daac129d2d9a456ef70e73f6964d96fecda88b371908d399a721797
IDS20210046::Mayo-Agosto 2023,96d05fb06561e9b9dc40bdfeb67cf02c405b4957f931aaa213e9bef659a59b55
IDS20210046::Septiembre-Diciembre 2022,96d05fb06561e9b9dc40bdfeb67cf02c405b4957f931aaa213e9bef659a59b55
IDS20210046::Septiembre-Diciembre 2023,6fbbda4be87bc7428bdf92764e17d9e668ef95dae4776cbb02cfcfe58768536e
IDS20210047::Mayo-Agosto 2023,e9f0abeaf619f00db70822134a1a89add2519d20375027bb6c377e265a8e0c30
IDS20210047::Septiembre-Diciembre 2023,e9f0abeaf619f00db70822134a1a89add2519d20375027bb6c377e265a8e0c30
IDS20210050::Enero-Abril 2023,6081015f1e0e0648889acd159936c209401f4528dc2b58f2ee7ba964d31aab4b
IDS20210050::Septiembre-Diciembre 2022,6081015f1e0e0648889acd159936c209401f4528dc2b58f2ee7ba964d31aab4b
IDS20210050::Septiembre-Diciembre 2023,657e4d956e9096ff16d3d74e429469bbb9fe8bbc31655a6c25bdb01b3ce76765
IDS20210059::Septiembre-Diciembre 2022,6081015f1e0e0648889acd159936c209401f4528dc2b58f2ee7ba964d31aab4b
IDS20210059::Septiembre-Diciembre 2023,e9f0abeaf619f00db70822134a1a89add2519d20375027bb6c377e265a8e0c30
IDS20210068::Mayo-Agosto 2023,aa70325be8ef72d44bc7a8d8e8616c6dcdc80707c3f790b79a7aa68a7738950a
IDS20210068::Septiembre-Diciembre 2023,84094f12afb0f61c05cc26faa6353c21f819bd2141f4e9bac45ac5c9cdd6e445
IDS20210085::Enero-Abril 2023,836137aa0f9004fc4e8f54e49d3305d97560a6634261b53fff5a90708069d9a4
IDS20210085::Septiembre-Diciembre 2022,836137aa0f9004fc4e8f54e49d3305d97560a6634261b53fff5a90708069d9a4
IDS20210085::Septiembre-Diciembre 2023,97b6398e2daac129d2d9a456ef70e73f6964d96fecda88b371908d399a721797
IDS20210130::Mayo-Agosto 2023,a1cd30fd027698ac67a358ef23c6c6ad02005eb195a74973a4cfb353cb15fc92
IDS20210130::Septiembre-Diciembre 2023,a1cd30fd027698ac67a358ef23c6c6ad02005eb195a74973a4cfb353cb15fc92
IDS20210142::Enero-Abril 2023,836137aa0f9004fc4e8f54e49d3305d97560a6634261b53fff5a90708069d9a4
IDS20210142::Septiembre-Diciembre 2022,836137aa0f9004fc4e8f54e49d3305d97560a6634261b53fff5a90708069d9a4
IDS20210192::Enero-Abril 2023,e9f0abeaf619f00db70822134a1a89add2519d20375027bb6c377e265a8e0c30
IDS20210202::Enero-Abril 2023,97b6398e2daac129d2d9a456ef70e73f6964d96fecda88b371908d399a721797
IDS20210202::Septiembre-Diciembre 2022,97b6398e2daac129d2d9a456ef70e73f6964d96fecda88b371908d399a721797
IDS20210202::Septiembre-Diciembre 2023,97b6398e2daac129d2d9a456ef70e73f6964d96fecda88b371908d399a721797
IDS20210239::Septiembre-Diciembre 2022,c54c2927daa6211a92cd7df225fe8b66c5072b8b941ad856f6e8bc3ef4c85b15
IDS20210268::Septiembre-Diciembre 2022,97b6398e2daac129d2d9a456ef70e73f6964d96fecda88b371908d399a721797
IDS20210284::Enero-Abril 2023,6081015f1e0e0648889acd159936c209401f4528dc2b58f2ee7ba964d31aab4b
IDS20210284::Mayo-Agosto 2023,6081015f1e0e0648889acd159936c209401f4528dc2b58f2ee7ba964d31aab4b
IDS20210284::Septiembre-Diciembre 2022,96d05fb06561e9b9dc40bdfeb67cf02c405b4957f931aaa213e9bef659a59b55
IDS20210284::Septiembre-Diciembre 2023,6081015f1e0e0648889acd159936c209401f4528dc2b58f2ee7ba964d31aab4b
IDS20210326::Septiembre-Diciembre 2022,c54c2927daa6211a92cd7df225fe8b66c5072b8b941ad856f6e8bc3ef4c85b15
IDS20210327::Enero-Abril 2023,f872668e3e4b7c193c01e2be387676f8b486b60530ff7b5f47d7c94048df03b0
IDS20210327::Septiembre-Diciembre 2022,4ec5fdcb037c14d79cddecb6113e5bfb25a061a32843b21cccab7bcb8d2b5c7f
IDS20210327::Septiembre-Diciembre 2023,f872668e3e4b7c193c01e2be387676f8b486b60530ff7b5f47d7c94048df03b0
IDS20210346::Enero-Abril 2023,47d9248b694266192e2d433d8c25b26e756e8f04a54992d3b04b33e799e0671f
IDS20210346::Septiembre-Diciembre 2022,6081015f1e0e0648889acd159936c209401f4528dc2b58f2ee7ba964d31aab4b
IDS20210346::Septiembre-Diciembre 2023,e9f0abeaf619f00db70822134a1a89add2519d20375027bb6c377e265a8e0c30
IDS20210356::Enero-Abril 2023,6081015f1e0e0648889acd159936c209401f4528dc2b58f2ee7ba964d31aab4b
IDS20210356::Mayo-Agosto 2023,96d05fb06561e9b9dc40bdfeb67cf02c405b4957f931aaa213e9bef659a59b55
IDS20210356::Septiembre-Diciembre 2022,6081015f1e0e0648889acd159936c209401f4528dc2b58f2ee7ba964d31aab4b
IDS20210356::Septiembre-Diciembre 2023,96d05fb06561e9b9dc40bdfeb67cf02c405b4957f931aaa213e9bef659a59b55
IDS20210360::Enero-Abril 2023,836137aa0f9004fc4e8f54e49d3305d97560a6634261b53fff5a90708069d9a4
IDS20210360::Septiembre-Diciembre 2022,97b6398e2daac129d2d9a456ef70e73f6964d96fecda88b371908d399a721797
IDS20210360::Septiembre-Diciembre 2023,e9f0abeaf619f00db70822134a1a89add2519d20375027bb6c377e265a8e0c30
IDS20220005::Enero-Abril 2023,45e0a50d9e8793751e3b67c836285fd10efd1652308cce868ef92b5c9537b124
IDS20220005::Mayo-Agosto 2023,cbb62ef6d98b22231a651dd1b14665047e3d6308ccb24737b4833325281cba46
IDS20220005::Septiembre-Diciembre 2023,3bf63d24ddc5af2296ce656845e2740f00b43d23591385b66ea433adf9db6560
IDS20220014::Mayo-Agosto 2023,65528d3790ad7ecd896e93dd06440d86fad4bf18fc29b70e1309f34d3c0dd6c0
IDS20220014::Septiembre-Diciembre 2022,6081015f1e0e0648889acd159936c209401f4528dc2b58f2ee7ba964d31aab4b
IDS20220014::Septiembre-Diciembre 2023,5faf1674e91b7e02455f9a7e23344c08dbb6d94ba2120163daf2af6cab60b737
IDS20220028::Enero-Abril 2023,47d9248b694266192e2d433d8c25b26e756e8f04a54992d3b04b33e799e0671f
IDS20220028::Septiembre-Diciembre 2023,97b6398e2daac129d2d9a456ef70e73f6964d96fecda88b371908d399a721797
IDS20220034::Mayo-Agosto 2023,97b6398e2daac129d2d9a456ef70e73f6964d96fecda88b371908d399a721797
IDS20220034::Septiembre-Diciembre 2023,6081015f1e0e0648889acd159936c209401f4528dc2b58f2ee7ba964d31aab4b
IDS20220053::Mayo-Agosto 2023,47d9248b694266192e2d433d8c25b26e756e8f04a54992d3b04b33e799e0671f
IDS20220053::Septiembre-Diciembre 2022,6081015f1e0e0648889acd159936c209401f4528dc2b58f2ee7ba964d31aab4b
IDS20220069::Septiembre-Diciembre 2023,97b6398e2daac129d2d9a456ef70e73f6964d96fecda88b371908d399a721797
IDS20220088::Enero-Abril 2023,47d9248b694266192e2d433d8c25b26e756e8f04a54992d3b04b33e799e0671f
IDS20220088::Mayo-Agosto 2023,47d9248b694266192e2d433d8c25b26e756e8f04a54992d3b04b33e799e0671f
IDS20220088::Septiembre-Diciembre 2022,150d9a5dbc4caa31eb8e32ff657221744feef38bb551f68c04207926bd010e03
IDS20220089::Septiembre-Diciembre 2022,97b6398e2daac129d2d9a456ef70e73f6964d96fecda88b371908d399a721797
IDS20220090::Septiembre-Diciembre 2022,47d9248b694266192e2d433d8c25b26e756e8f04a54992d3b04b33e799e0671f
IDS20220090::Septiembre-Diciembre 2023,97b6398e2daac129d2d9a456ef70e73f6964d96fecda88b371908d399a721797
IDS20220110::Enero-Abril 2023,175dd931d6bfbef7fb8e7a88d2d79634b916febd2b807bfbb3a27a298105b5d0
IDS20220110::Mayo-Agosto 2023,4fbfc36cc015f749cab38339c9cbac047dee0e2705e2acf7bcdf3795eaf501b4
IDS20220110::Septiembre-Diciembre 2022,6081015f1e0e0648889acd159936c209401f4528dc2b58f2ee7ba964d31aab4b
IDS20220110::Septiembre-Diciembre 2023,4fbfc36cc015f749cab38339c9cbac047dee0e2705e2acf7bcdf3795eaf501b4
IDS20220164::Enero-Abril 2023,70d991425fb7eec56180cb86cda2c30560b9f5611049af748460126314515b83
IDS20220164::Mayo-Agosto 2023,7445bd8150446e652cdc1ce988c715ce52097c37c6f1af73ea256ee5f09ae147
IDS20220164::Septiembre-Diciembre 2022,c93d77716ad21de51358722557238925405af8567cb8f1bf167dff7023d14a0b
IDS20220164::Septiembre-Diciembre 2023,5faf1674e91b7e02455f9a7e23344c08dbb6d94ba2120163daf2af6cab60b737
IDS20220181::Enero-Abril 2023,97b6398e2daac129d2d9a456ef70e73f6964d96fecda88b371908d399a721797
IDS20220181::Mayo-Agosto 2023,97b6398e2daac129d2d9a456ef70e73f6964d96fecda88b371908d399a721797
IDS20220181::Septiembre-Diciembre 2022,150d9a5dbc4caa31eb8e32ff657221744feef38bb551f68c04207926bd010e03
IDS20220181::Septiembre-Diciembre 2023,97b6398e2daac129d2d9a456ef70e73f6964d96fecda88b371908d399a721797
IDS20220206::Septiembre-Diciembre 2022,6081015f1e0e0648889acd159936c209401f4528dc2b58f2ee7ba964d31aab4b
IDS20220208::Enero-Abril 2023,4ec5fdcb037c14d79cddecb6113e5bfb25a061a32843b21cccab7bcb8d2b5c7f
IDS20220208::Septiembre-Diciembre 2022,c93d77716ad21de51358722557238925405af8567cb8f1bf167dff7023d14a0b
IDS20220208::Septiembre-Diciembre 2023,a7a92b5840291b89a455ef90100f4ef38eb978b75cd4115347812950e07eb9ef
IDS20220217::Enero-Abril 2023,96d05fb06561e9b9dc40bdfeb67cf02c405b4957f931aaa213e9bef659a59b55
IDS20220217::Mayo-Agosto 2023,96d05fb06561e9b9dc40bdfeb67cf02c405b4957f931aaa213e9bef659a59b55
IDS20220217::Septiembre-Diciembre 2022,150d9a5dbc4caa31eb8e32ff657221744feef38bb551f68c04207926bd010e03
IDS20220222::Enero-Abril 2023,836137aa0f9004fc4e8f54e49d3305d97560a6634261b53fff5a90708069d9a4
IDS20220222::Mayo-Agosto 2023,6081015f1e0e0648889acd159936c209401f4528dc2b58f2ee7ba964d31aab4b
IDS20220222::Septiembre-Diciembre 2022,6081015f1e0e0648889acd159936c209401f4528dc2b58f2ee7ba964d31aab4b
IDS20220222::Septiembre-Diciembre 2023,47d9248b694266192e2d433d8c25b26e756e8f04a54992d3b04b33e799e0671f
IDS20220240::Enero-Abril 2023,6081015f1e0e0648889acd159936c209401f4528dc2b58f2ee7ba964d31aab4b
IDS20220240::Mayo-Agosto 2023,0e4a271cae5abba8c0c8bcb02e9b48644532aa2cca8297fc4755d065a566c62c
IDS20220240::Septiembre-Diciembre 2023,6081015f1e0e0648889acd159936c209401f4528dc2b58f2ee7ba964d31aab4b
IDS20220283::Enero-Abril 2023,b431be49a57aa1bc28efd56e1e40eb264524df1b98d46feaa2eee0c80a9b6786
IDS20220283::Mayo-Agosto 2023,853ece92122c9ef49b2180ba7139a4769a1c6ca316d058747a0b78732f4ed2f5
IDS20220283::Septiembre-Diciembre 2022,feeaf03206499d3547ccabaf4047039ea9ce3f4e8a314b415be36c7fccd1e231
IDS20220283::Septiembre-Diciembre 2023,ee69f9f369637b4558f06b119a2084b250c68e6e6ec5ef5e7ce271cc1845557b
IDS20220303::Enero-Abril 2023,5faf1674e91b7e02455f9a7e23344c08dbb6d94ba2120163daf2af6cab60b737
IDS20220303::Septiembre-Diciembre 2022,96d05fb06561e9b9dc40bdfeb67cf02c405b4957f931aaa213e9bef659a59b55
IDS20220303::Septiembre-Diciembre 2023,530b32d315edde6068719c69a2dd9e1d2ec46bee16dc2cdef3eb12ecb03ab974
IDS20220314::Enero-Abril 2023,96f931b65eafd8aa02c27b84827a4d74d985d65af8852baed4fbd2a0edd79e83
IDS20220314::Septiembre-Diciembre 2022,96f931b65eafd8aa02c27b84827a4d74d985d65af8852baed4fbd2a0edd79e83
IDS20220322::Enero-Abril 2023,150d9a5dbc4caa31eb8e32ff657221744feef38bb551f68c04207926bd010e03
IDS20220322::Septiembre-Diciembre 2022,6081015f1e0e0648889acd159936c209401f4528dc2b58f2ee7ba964d31aab4b
IDS20220322::Septiembre-Diciembre 2023,150d9a5dbc4caa31eb8e32ff657221744feef38bb551f68c04207926bd010e03
IDS20220368::Enero-Abril 2023,96d05fb06561e9b9dc40bdfeb67cf02c405b4957f931aaa213e9bef659a59b55
IDS20220368::Septiembre-Diciembre 2022,6081015f1e0e0648889acd159936c209401f4528dc2b58f2ee7ba964d31aab4b
IDS20220378::Enero-Abril 2023,a976c025ae1ad4562abe8ba1f30b6f12c8f272921d36de8a95917ecc1e57ef90
IDS20220378::Mayo-Agosto 2023,b69ed67a7ab9a655ef234ddf1c9b2876e0d4e1456700593cb690cbd5e2a73970
IDS20220378::Septiembre-Diciembre 2023,47f0c0a2b74d1695d8cd55f4b85bd92f1b173c9218d6032cd4a6159fa9388f2e
IDS20230018::Septiembre-Diciembre 2022,175dd931d6bfbef7fb8e7a88d2d79634b916febd2b807bfbb3a27a298105b5d0
IDS20230022::Enero-Abril 2023,70d991425fb7eec56180cb86cda2c30560b9f5611049af748460126314515b83
IDS20230022::Mayo-Agosto 2023,6fbbda4be87bc7428bdf92764e17d9e668ef95dae4776cbb02cfcfe58768536e
IDS20230022::Septiembre-Diciembre 2022,70d991425fb7eec56180cb86cda2c30560b9f5611049af748460126314515b83
IDS20230022::Septiembre-Diciembre 2023,6fbbda4be87bc7428bdf92764e17d9e668ef95dae4776cbb02cfcfe58768536e
IDS20230079::Septiembre-Diciembre 2022,6fbbda4be87bc7428bdf92764e17d9e668ef95dae4776cbb02cfcfe58768536e
IDS20230158::Enero-Abril 2023,6fbbda4be87bc7428bdf92764e17d9e668ef95dae4776cbb02cfcfe58768536e
IDS20230158::Septiembre-Diciembre 2022,6fbbda4be87bc7428bdf92764e17d9e668ef95dae4776cbb02cfcfe58768536e
IDS20230168::Enero-Abril 2023,ee46cae3e429927e8c39dfb3ba8cdb1e09adb2f96210c6ef8684b97303c72843
IDS20230168::Mayo-Agosto 2023,853ece92122c9ef49b2180ba7139a4769a1c6ca316d058747a0b78732f4ed2f5
IDS20230168::Septiembre-Diciembre 2022,4fbfc36cc015f749cab38339c9cbac047dee0e2705e2acf7bcdf3795eaf501b4
IDS20230168::Septiembre-Diciembre 2023,b2cd03f19391e8052309637e97e77eb370d39cad17192fcbbaaf9e4f10385dc5
IDS20230180::Mayo-Agosto 2023,6fbbda4be87bc7428bdf92764e17d9e668ef95dae4776cbb02cfcfe58768536e
IDS20230180::Septiembre-Diciembre 2022,996ae7f8ac8d3d0a816314c2a923524e962bc05379503a44d9ff77843dda2935
IDS20230180::Septiembre-Diciembre 2023,6fbbda4be87bc7428bdf92764e17d9e668ef95dae4776cbb02cfcfe58768536e
IDS20230183::Enero-Abril 2023,5faf1674e91b7e02455f9a7e23344c08dbb6d94ba2120163daf2af6cab60b737
IDS20230183::Septiembre-Diciembre 2023,ee69f9f369637b4558f06b119a2084b250c68e6e6ec5ef5e7ce271cc1845557b
IDS20230189::Enero-Abril 2023,6fbbda4be87bc7428bdf92764e17d9e668ef95dae4776cbb02cfcfe58768536e
IDS20230189::Septiembre-Diciembre 2022,175dd931d6bfbef7fb8e7a88d2d79634b916febd2b807bfbb3a27a298105b5d0
IDS20230189::Septiembre-Diciembre 2023,6fbbda4be87bc7428bdf92764e17d9e668ef95dae4776cbb02cfcfe58768536e
IDS20230199::Enero-Abril 2023,6fbbda4be87bc7428bdf92764e17d9e668ef95dae4776cbb02cfcfe58768536e
IDS20230199::Mayo-Agosto 2023,996ae7f8ac8d3d0a816314c2a923524e962bc05379503a44d9ff77843dda2935
IDS20230199::Septiembre-Diciembre 2022,6fbbda4be87bc7428bdf92764e17d9e668ef95dae4776cbb02cfcfe58768536e
IDS20230199::Septiembre-Diciembre 2023,6fbbda4be87bc7428bdf92764e17d9e668ef95dae4776cbb02cfcfe58768536e
IDS20230252::Enero-Abril 2023,7445bd8150446e652cdc1ce988c715ce52097c37c6f1af73ea256ee5f09ae147
IDS20230252::Septiembre-Diciembre 2022,7445bd8150446e652cdc1ce988c715ce52097c37c6f1af73ea256ee5f09ae147
IDS20230252::Septiembre-Diciembre 2023,7445bd8150446e652cdc1ce988c715ce52097c37c6f1af73ea256ee5f09ae147
IDS20230291::Enero-Abril 2023,7445bd8150446e652cdc1ce988c715ce52097c37c6f1af73ea256ee5f09ae147
IDS20230291::Septiembre-Diciembre 2022,7445bd8150446e652cdc1ce988c715ce52097c37c6f1af73ea256ee5f09ae147
IDS20230297::Septiembre-Diciembre 2022,6fbbda4be87bc7428bdf92764e17d9e668ef95dae4776cbb02cfcfe58768536e
IDS20230304::Mayo-Agosto 2023,5faf1674e91b7e02455f9a7e23344c08dbb6d94ba2120163daf2af6cab60b737
IDS20230304::Septiembre-Diciembre 2022,70d991425fb7eec56180cb86cda2c30560b9f5611049af748460126314515b83
IDS20230304::Septiembre-Diciembre 2023,853ece92122c9ef49b2180ba7139a4769a1c6ca316d058747a0b78732f4ed2f5
IDS20230323::Mayo-Agosto 2023,6fbbda4be87bc7428bdf92764e17d9e668ef95dae4776cbb02cfcfe58768536e
IDS20230323::Septiembre-Diciembre 2022,7445bd8150446e652cdc1ce988c715ce52097c37c6f1af73ea256ee5f09ae147
IDS20230323::Septiembre-Diciembre 2023,6fbbda4be87bc7428bdf92764e17d9e668ef95dae4776cbb02cfcfe58768536e
IDS20230334::Enero-Abril 2023,6fbbda4be87bc7428bdf92764e17d9e668ef95dae4776cbb02cfcfe58768536e
IDS20230334::Septiembre-Diciembre 2022,996ae7f8ac8d3d0a816314c2a923524e962bc05379503a44d9ff77843dda2935
IDS20230334::Septiembre-Diciembre 2023,996ae7f8ac8d3d0a816314c2a923524e962bc05379503a44d9ff77843dda2935
IDS20230357::Enero-Abril 2023,da7c2147027ed877f398cfed1fdd48d3186a1220a6b0ef05c295cc5724fb0057
IDS20230357::Septiembre-Diciembre 2022,6f36a422d75f45edb56456947a408164a1a2171b0d1d595c933b10843ebb96ad
IDS20240036::Enero-Abril 2023,794c24e064bbbef8c7c5ba640c4be542ce940b09b9331f74c117b0dc7431b77c
IDS20240036::Mayo-Agosto 2023,853ece92122c9ef49b2180ba7139a4769a1c6ca316d058747a0b78732f4ed2f5
IDS20240076::Mayo-Agosto 2023,6fbbda4be87bc7428bdf92764e17d9e668ef95dae4776cbb02cfcfe58768536e
IDS20240076::Septiembre-Diciembre 2023,6fbbda4be87bc7428bdf92764e17d9e668ef95dae4776cbb02cfcfe58768536e
IDS20240104::Enero-Abril 2023,7445bd8150446e652cdc1ce988c715ce52097c37c6f1af73ea256ee5f09ae147
IDS20240104::Mayo-Agosto 2023,5faf1674e91b7e02455f9a7e23344c08dbb6d94ba2120163daf2af6cab60b737
IDS20240104::Septiembre-Diciembre 2023,853ece92122c9ef49b2180ba7139a4769a1c6ca316d058747a0b78732f4ed2f5
IDS20240134::Enero-Abril 2023,2af406a0889336f448c1c6eec87efcc4873d9436abca33cd720787686aff5ec0
IDS20240134::Septiembre-Diciembre 2023,556f1f57af599d9ef53addfb02cf358cf4187f70835eedc689ed31c0625582f6
IDS20240154::Mayo-Agosto 2023,996ae7f8ac8d3d0a816314c2a923524e962bc05379503a44d9ff77843dda2935
IDS20240154::Septiembre-Diciembre 2022,70d991425fb7eec56180cb86cda2c30560b9f5611049af748460126314515b83
IDS20240154::Septiembre-Diciembre 2023,6fbbda4be87bc7428bdf92764e17d9e668ef95dae4776cbb02cfcfe58768536e
IDS20240182::Septiembre-Diciembre 2023,6fbbda4be87bc7428bdf92764e17d9e668ef95dae4776cbb02cfcfe58768536e
IDS20240187::Mayo-Agosto 2023,996ae7f8ac8d3d0a816314c2a923524e962bc05379503a44d9ff77843dda2935
IDS20240187::Septiembre-Diciembre 2022,4fbfc36cc015f749cab38339c9cbac047dee0e2705e2acf7bcdf3795eaf501b4
IDS20240187::Septiembre-Diciembre 2023,5faf1674e91b7e02455f9a7e23344c08dbb6d94ba2120163daf2af6cab60b737
IDS20240246::Septiembre-Diciembre 2022,6fbbda4be87bc7428bdf92764e17d9e668ef95dae4776cbb02cfcfe58768536e
IDS20240253::Enero-Abril 2023,996ae7f8ac8d3d0a816314c2a923524e962bc05379503a44d9ff77843dda2935
IDS20240253::Mayo-Agosto 2023,f4521e80c78965f9e3a2ad654072618edd565658fcfeb17c8b736452e6b97552
IDS20240253::Septiembre-Diciembre 2022,996ae7f8ac8d3d0a816314c2a923524e962bc05379503a44d9ff77843dda2935
IDS20240253::Septiembre-Diciembre 2023,853ece92122c9ef49b2180ba7139a4769a1c6ca316d058747a0b78732f4ed2f5
IDS20240256::Mayo-Agosto 2023,853ece92122c9ef49b2180ba7139a4769a1c6ca316d058747a0b78732f4ed2f5
IDS20240256::Septiembre-Diciembre 2022,853ece92122c9ef49b2180ba7139a4769a1c6ca316d058747a0b78732f4ed2f5
IDS20240256::Septiembre-Diciembre 2023,530b32d315edde6068719c69a2dd9e1d2ec46bee16dc2cdef3eb12ecb03ab974
IDS20240272::Enero-Abril 2023,4fbfc36cc015f749cab38339c9cbac047dee0e2705e2acf7bcdf3795eaf501b4
IDS20240272::Septiembre-Diciembre 2022,7445bd8150446e652cdc1ce988c715ce52097c37c6f1af73ea256ee5f09ae147
IEN20200008::Mayo-Agosto 2023,c396220564f0a22050abefafef483732b77c054017e4f0de8e90521e4b698336
IEN20200008::Septiembre-Diciembre 2022,c396220564f0a22050abefafef483732b77c054017e4f0de8e90521e4b698336
IEN20200019::Enero-Abril 2023,0bfbe558b9b73f485a4ff7e73f13fdbe17533c4955e4a29c21ecdde3efe69201
IEN20200019::Mayo-Agosto 2023,7fdf753e3cc7f787fd373a5d7a6a7acdeb26fd9dbeed982304a91d013cbb5369
IEN20200019::Septiembre-Diciembre 2022,c396220564f0a22050abefafef483732b77c054017e4f0de8e90521e4b698336
IEN20200019::Septiembre-Diciembre 2023,51625aa453ff65f6cf40740318782225172314d132b3730f7b13a1ad8797ea81
IEN20200032::Septiembre-Diciembre 2023,4052c1e2ebacf9674bba26a18a6071cfc6e821c6e35d9aaf0835b1f60565f769
IEN20200052::Enero-Abril 2023,f1e8060c43717d64000fdd63ff1899150e6b300061c1840ee776f73255e5e602
IEN20200052::Mayo-Agosto 2023,8aa8a053d7ad7b4081c5f37f0db3f22ec4576d6d9752d238632fd4deca7faf9a
IEN20200052::Septiembre-Diciembre 2022,06c0b480171a4e03d072f688ffa2ee54156c12e5ea795c95ecf7bcaa69c9070c
IEN20200052::Septiembre-Diciembre 2023,e8293f88d0b98878e3150f1b1a5e3b07084b5640be60464cdaaedf091bfd8774
IEN20200086::Enero-Abril 2023,4052c1e2ebacf9674bba26a18a6071cfc6e821c6e35d9aaf0835b1f60565f769
IEN20200086::Septiembre-Diciembre 2022,4052c1e2ebacf9674bba26a18a6071cfc6e821c6e35d9aaf0835b1f60565f769
IEN20200086::Septiembre-Diciembre 2023,4052c1e2ebacf9674bba26a18a6071cfc6e821c6e35d9aaf0835b1f60565f769
IEN20200100::Mayo-Agosto 2023,4052c1e2ebacf9674bba26a18a6071cfc6e821c6e35d9aaf0835b1f60565f769
IEN20200100::Septiembre-Diciembre 2023,c9a16a73a59115ed044ec0593aa82967abed02907e702f8bb83ff928c7fc287f
IEN20200109::Enero-Abril 2023,4052c1e2ebacf9674bba26a18a6071cfc6e821c6e35d9aaf0835b1f60565f769
IEN20200109::Septiembre-Diciembre 2023,06c0b480171a4e03d072f688ffa2ee54156c12e5ea795c95ecf7bcaa69c9070c
IEN20200112::Enero-Abril 2023,06c0b480171a4e03d072f688ffa2ee54156c12e5ea795c95ecf7bcaa69c9070c
IEN20200112::Mayo-Agosto 2023,4f154a5aa3cb7ab3269fe90c308c792de48a9310ffdf8e434e431b2c77c1d09c
IEN20200112::Septiembre-Diciembre 2022,4052c1e2ebacf9674bba26a18a6071cfc6e821c6e35d9aaf0835b1f60565f769
IEN20200121::Enero-Abril 2023,c396220564f0a22050abefafef483732b77c054017e4f0de8e90521e4b698336
IEN20200121::Septiembre-Diciembre 2022,c396220564f0a22050abefafef483732b77c054017e4f0de8e90521e4b698336
IEN20200121::Septiembre-Diciembre 2023,c396220564f0a22050abefafef483732b77c054017e4f0de8e90521e4b698336
IEN20200122::Septiembre-Diciembre 2022,06c0b480171a4e03d072f688ffa2ee54156c12e5ea795c95ecf7bcaa69c9070c
IEN20200129::Mayo-Agosto 2023,4052c1e2ebacf9674bba26a18a6071cfc6e821c6e35d9aaf0835b1f60565f769
IEN20200129::Septiembre-Diciembre 2023,4052c1e2ebacf9674bba26a18a6071cfc6e821c6e35d9aaf0835b1f60565f769
IEN20200132::Enero-Abril 2023,c396220564f0a22050abefafef483732b77c054017e4f0de8e90521e4b698336
IEN20200132::Mayo-Agosto 2023,c396220564f0a22050abefafef483732b77c054017e4f0de8e90521e4b698336
IEN20200132::Septiembre-Diciembre 2022,c396220564f0a22050abefafef483732b77c054017e4f0de8e90521e4b698336
IEN20200132::Septiembre-Diciembre 2023,c396220564f0a22050abefafef483732b77c054017e4f0de8e90521e4b698336
IEN20200136::Enero-Abril 2023,c396220564f0a22050abefafef483732b77c054017e4f0de8e90521e4b698336
IEN20200136::Mayo-Agosto 2023,c396220564f0a22050abefafef483732b77c054017e4f0de8e90521e4b698336
IEN20200136::Septiembre-Diciembre 2022,c396220564f0a22050abefafef483732b77c054017e4f0de8e90521e4b698336
IEN20200136::Septiembre-Diciembre 2023,c396220564f0a22050abefafef483732b77c054017e4f0de8e90521e4b698336
IEN20200143::Enero-Abril 2023,cbfaf62909d0ab2268f8b25d004623264d8304de22ee5c9919b116e6efb70fa5
IEN20200143::Mayo-Agosto 2023,c396220564f0a22050abefafef483732b77c054017e4f0de8e90521e4b698336
IEN20200143::Septiembre-Diciembre 2022,cbfaf62909d0ab2268f8b25d004623264d8304de22ee5c9919b116e6efb70fa5
IEN20200143::Septiembre-Diciembre 2023,4052c1e2ebacf9674bba26a18a6071cfc6e821c6e35d9aaf0835b1f60565f769
IEN20200160::Enero-Abril 2023,06c0b480171a4e03d072f688ffa2ee54156c12e5ea795c95ecf7bcaa69c9070c
IEN20200160::Mayo-Agosto 2023,8aa8a053d7ad7b4081c5f37f0db3f22ec4576d6d9752d238632fd4deca7faf9a
IEN20200160::Septiembre-Diciembre 2023,8aa8a053d7ad7b4081c5f37f0db3f22ec4576d6d9752d238632fd4deca7faf9a
IEN20200162::Mayo-Agosto 2023,4052c1e2ebacf9674bba26a18a6071cfc6e821c6e35d9aaf0835b1f60565f769
IEN20200162::Septiembre-Diciembre 2022,4052c1e2ebacf9674bba26a18a6071cfc6e821c6e35d9aaf0835b1f60565f769
IEN20200163::Enero-Abril 2023,4052c1e2ebacf9674bba26a18a6071cfc6e821c6e35d9aaf0835b1f60565f769
IEN20200163::Septiembre-Diciembre 2022,cbfaf62909d0ab2268f8b25d004623264d8304de22ee5c9919b116e6efb70fa5
IEN20200163::Septiembre-Diciembre 2023,4052c1e2ebacf9674bba26a18a6071cfc6e821c6e35d9aaf0835b1f60565f769
IEN20200165::Enero-Abril 2023,8e8096ec36f87d6cd6646f06bb3b971f867e0d49f06f399d84cc1a65047ff6e7
IEN20200165::Septiembre-Diciembre 2022,500417c565a95922f7752d510786dbff464a8f222e20db80cf9376c19dc92a19
IEN20200165::Septiembre-Diciembre 2023,8e8096ec36f87d6cd6646f06bb3b971f867e0d49f06f399d84cc1a65047ff6e7
IEN20200166::Enero-Abril 2023,c396220564f0a22050abefafef483732b77c054017e4f0de8e90521e4b698336
IEN20200166::Septiembre-Diciembre 2022,c396220564f0a22050abefafef483732b77c054017e4f0de8e90521e4b698336
IEN20200178::Mayo-Agosto 2023,4052c1e2ebacf9674bba26a18a6071cfc6e821c6e35d9aaf0835b1f60565f769
IEN20200178::Septiembre-Diciembre 2022,c396220564f0a22050abefafef483732b77c054017e4f0de8e90521e4b698336
IEN20200178::Septiembre-Diciembre 2023,8aa8a053d7ad7b4081c5f37f0db3f22ec4576d6d9752d238632fd4deca7faf9a
IEN20200184::Mayo-Agosto 2023,8aa8a053d7ad7b4081c5f37f0db3f22ec4576d6d9752d238632fd4deca7faf9a
IEN20200184::Septiembre-Diciembre 2022,06c0b480171a4e03d072f688ffa2ee54156c12e5ea795c95ecf7bcaa69c9070c
IEN20200184::Septiembre-Diciembre 2023,06c0b480171a4e03d072f688ffa2ee54156c12e5ea795c95ecf7bcaa69c9070c
IEN20200186::Septiembre-Diciembre 2022,4052c1e2ebacf9674bba26a18a6071cfc6e821c6e35d9aaf0835b1f60565f769
IEN20200224::Enero-Abril 2023,bcc3377a24946da2c8ac1080b7e6b75f56f10a932755354831fef6938ed0888e
IEN20200224::Mayo-Agosto 2023,ddd7d7dbc48dfe88878ed6a3b0c9fc1341efd20c4a3d026e99d3870166095626
IEN20200224::Septiembre-Diciembre 2022,28ef3ee0f023a78db96804feede25ea32f2b03be5a55ba4efc5a9fe4982e79a3
IEN20200231::Enero-Abril 2023,4052c1e2ebacf9674bba26a18a6071cfc6e821c6e35d9aaf0835b1f60565f769
IEN20200231::Mayo-Agosto 2023,4052c1e2ebacf9674bba26a18a6071cfc6e821c6e35d9aaf0835b1f60565f769
IEN20200243::Enero-Abril 2023,4052c1e2ebacf9674bba26a18a6071cfc6e821c6e35d9aaf0835b1f60565f769
IEN20200243::Septiembre-Diciembre 2023,4052c1e2ebacf9674bba26a18a6071cfc6e821c6e35d9aaf0835b1f60565f769
IEN20200287::Enero-Abril 2023,c396220564f0a22050abefafef483732b77c054017e4f0de8e90521e4b698336
IEN20200287::Mayo-Agosto 2023,c396220564f0a22050abefafef483732b77c054017e4f0de8e90521e4b698336
IEN20200287::Septiembre-Diciembre 2023,06c0b480171a4e03d072f688ffa2ee54156c12e5ea795c95ecf7bcaa69c9070c
IEN20200292::Enero-Abril 2023,4052c1e2ebacf9674bba26a18a6071cfc6e821c6e35d9aaf0835b1f60565f769
IEN20200292::Mayo-Agosto 2023,4052c1e2ebacf9674bba26a18a6071cfc6e821c6e35d9aaf0835b1f60565f769
IEN20200292::Septiembre-Diciembre 2022,4052c1e2ebacf9674bba26a18a6071cfc6e821c6e35d9aaf0835b1f60565f769
IEN20200292::Septiembre-Diciembre 2023,4052c1e2ebacf9674bba26a18a6071cfc6e821c6e35d9aaf0835b1f60565f769
IEN20200312::Enero-Abril 2023,06c0b480171a4e03d072f688ffa2ee54156c12e5ea795c95ecf7bcaa69c9070c
IEN20200312::Septiembre-Diciembre 2022,c396220564f0a22050abefafef483732b77c054017e4f0de8e90521e4b698336
IEN20200312::Septiembre-Diciembre 2023,8aa8a053d7ad7b4081c5f37f0db3f22ec4576d6d9752d238632fd4deca7faf9a
IEN20200313::Enero-Abril 2023,4052c1e2ebacf9674bba26a18a6071cfc6e821c6e35d9aaf0835b1f60565f769
IEN20200313::Mayo-Agosto 2023,06c0b480171a4e03d072f688ffa2ee54156c12e5ea795c95ecf7bcaa69c9070c
IEN20200313::Septiembre-Diciembre 2022,4052c1e2ebacf9674bba26a18a6071cfc6e821c6e35d9aaf0835b1f60565f769
IEN20200319::Septiembre-Diciembre 2022,c396220564f0a22050abefafef483732b77c054017e4f0de8e90521e4b698336
IEN20200319::Septiembre-Diciembre 2023,c396220564f0a22050abefafef483732b77c054017e4f0de8e90521e4b698336
IEN20200324::Enero-Abril 2023,4052c1e2ebacf9674bba26a18a6071cfc6e821c6e35d9aaf0835b1f60565f769
IEN20200324::Septiembre-Diciembre 2022,c396220564f0a22050abefafef483732b77c054017e4f0de8e90521e4b698336
IEN20200324::Septiembre-Diciembre 2023,4052c1e2ebacf9674bba26a18a6071cfc6e821c6e35d9aaf0835b1f60565f769
IEN20200358::Enero-Abril 2023,c396220564f0a22050abefafef483732b77c054017e4f0de8e90521e4b698336
IEN20200358::Mayo-Agosto 2023,c396220564f0a22050abefafef483732b77c054017e4f0de8e90521e4b698336
IEN20200374::Enero-Abril 2023,4052c1e2ebacf9674bba26a18a6071cfc6e821c6e35d9aaf0835b1f60565f769
IEN20200374::Mayo-Agosto 2023,06c0b480171a4e03d072f688ffa2ee54156c12e5ea795c95ecf7bcaa69c9070c
IEN20200374::Septiembre-Diciembre 2023,8aa8a053d7ad7b4081c5f37f0db3f22ec4576d6d9752d238632fd4deca7faf9a
IEN20200379::Enero-Abril 2023,4052c1e2ebacf9674bba26a18a6071cfc6e821c6e35d9aaf0835b1f60565f769
IEN20200379::Septiembre-Diciembre 2022,4052c1e2ebacf9674bba26a18a6071cfc6e821c6e35d9aaf0835b1f60565f769
IEN20200381::Enero-Abril 2023,4052c1e2ebacf9674bba26a18a6071cfc6e821c6e35d9aaf0835b1f60565f769
IEN20200381::Septiembre-Diciembre 2022,4052c1e2ebacf9674bba26a18a6071cfc6e821c6e35d9aaf0835b1f60565f769
IEN20200381::Septiembre-Diciembre 2023,4052c1e2ebacf9674bba26a18a6071cfc6e821c6e35d9aaf0835b1f60565f769
IEN20210011::Enero-Abril 2023,218a668eb871a811a74372c27212ddd1fd83e113d9e9b6751d8076085c529b9b
IEN20210011::Septiembre-Diciembre 2022,218a668eb871a811a74372c27212ddd1fd83e113d9e9b6751d8076085c529b9b
IEN20210011::Septiembre-Diciembre 2023,218a668eb871a811a74372c27212ddd1fd83e113d9e9b6751d8076085c529b9b
IEN20210035::Enero-Abril 2023,0bfbe558b9b73f485a4ff7e73f13fdbe17533c4955e4a29c21ecdde3efe69201
IEN20210035::Mayo-Agosto 2023,0bfbe558b9b73f485a4ff7e73f13fdbe17533c4955e4a29c21ecdde3efe69201
IEN20210035::Septiembre-Diciembre 2022,0bfbe558b9b73f485a4ff7e73f13fdbe17533c4955e4a29c21ecdde3efe69201
IEN20210035::Septiembre-Diciembre 2023,218a668eb871a811a74372c27212ddd1fd83e113d9e9b6751d8076085c529b9b
IEN20210040::Enero-Abril 2023,a51693e1ae9a3a40c34c8e8c5719148b1098dae27ecb717696d719a3a0a5ab88
IEN20210045::Enero-Abril 2023,ff4eab8a0a1448ed3097c538b3b405139234b966eb7f07b0f1bcef02c59222cd
IEN20210045::Mayo-Agosto 2023,ff4eab8a0a1448ed3097c538b3b405139234b966eb7f07b0f1bcef02c59222cd
IEN20210045::Septiembre-Diciembre 2022,ff4eab8a0a1448ed3097c538b3b405139234b966eb7f07b0f1bcef02c59222cd
IEN20210045::Septiembre-Diciembre 2023,218a668eb871a811a74372c27212ddd1fd83e113d9e9b6751d8076085c529b9b
IEN20210139::Enero-Abril 2023,4052c1e2ebacf9674bba26a18a6071cfc6e821c6e35d9aaf0835b1f60565f769
IEN20210139::Mayo-Agosto 2023,4052c1e2ebacf9674bba26a18a6071cfc6e821c6e35d9aaf0835b1f60565f769
IEN20210139::Septiembre-Diciembre 2023,218a668eb871a811a74372c27212ddd1fd83e113d9e9b6751d8076085c529b9b
IEN20210146::Enero-Abril 2023,ff4eab8a0a1448ed3097c538b3b405139234b966eb7f07b0f1bcef02c59222cd
IEN20210146::Septiembre-Diciembre 2022,218a668eb871a811a74372c27212ddd1fd83e113d9e9b6751d8076085c529b9b
IEN20210146::Septiembre-Diciembre 2023,c396220564f0a22050abefafef483732b77c054017e4f0de8e90521e4b698336
IEN20210159::Enero-Abril 2023,c301ade5a93418f47e8556a77347557b9279f63755f04b3062ac7258561a8e8f
IEN20210159::Mayo-Agosto 2023,b676d7b95d552a0e5dee9e3b09529255dbfdc1ca8c7e203676e6651922c13cf8
IEN20210159::Septiembre-Diciembre 2022,d3ca2934b184648a25ceecfef56c7d2616ca07c03593157362accb0e45916777
IEN20210175::Enero-Abril 2023,218a668eb871a811a74372c27212ddd1fd83e113d9e9b6751d8076085c529b9b
IEN20210175::Septiembre-Diciembre 2022,218a668eb871a811a74372c27212ddd1fd83e113d9e9b6751d8076085c529b9b
IEN20210221::Enero-Abril 2023,218a668eb871a811a74372c27212ddd1fd83e113d9e9b6751d8076085c529b9b
IEN20210221::Mayo-Agosto 2023,9a4328f9e2a7be538185263bb52d4085ee80e7967b329264a7774dc518626883
IEN20210221::Septiembre-Diciembre 2022,0bfbe558b9b73f485a4ff7e73f13fdbe17533c4955e4a29c21ecdde3efe69201
IEN20210221::Septiembre-Diciembre 2023,4115e3af7f82108537724193ff7bfbe995734d56f87c510d84e74b447ea2a4a1
IEN20210234::Septiembre-Diciembre 2022,ff4eab8a0a1448ed3097c538b3b405139234b966eb7f07b0f1bcef02c59222cd
IEN20210245::Enero-Abril 2023,ff4eab8a0a1448ed3097c538b3b405139234b966eb7f07b0f1bcef02c59222cd
IEN20210245::Mayo-Agosto 2023,0bfbe558b9b73f485a4ff7e73f13fdbe17533c4955e4a29c21ecdde3efe69201
IEN20210245::Septiembre-Diciembre 2022,ff4eab8a0a1448ed3097c538b3b405139234b966eb7f07b0f1bcef02c59222cd
IEN20210245::Septiembre-Diciembre 2023,1f3daa507fabaf82acae7e3933dbb5d78ea39ac38016c1466c896795dbd70978
IEN20210270::Mayo-Agosto 2023,4052c1e2ebacf9674bba26a18a6071cfc6e821c6e35d9aaf0835b1f60565f769
IEN20210270::Septiembre-Diciembre 2023,8aa8a053d7ad7b4081c5f37f0db3f22ec4576d6d9752d238632fd4deca7faf9a
IEN20210271::Enero-Abril 2023,218a668eb871a811a74372c27212ddd1fd83e113d9e9b6751d8076085c529b9b
IEN20210271::Mayo-Agosto 2023,218a668eb871a811a74372c27212ddd1fd83e113d9e9b6751d8076085c529b9b
IEN20210271::Septiembre-Diciembre 2022,0bfbe558b9b73f485a4ff7e73f13fdbe17533c4955e4a29c21ecdde3efe69201
IEN20210271::Septiembre-Diciembre 2023,218a668eb871a811a74372c27212ddd1fd83e113d9e9b6751d8076085c529b9b
IEN20210274::Enero-Abril 2023,0bfbe558b9b73f485a4ff7e73f13fdbe17533c4955e4a29c21ecdde3efe69201
IEN20210274::Septiembre-Diciembre 2022,218a668eb871a811a74372c27212ddd1fd83e113d9e9b6751d8076085c529b9b
IEN20210274::Septiembre-Diciembre 2023,218a668eb871a811a74372c27212ddd1fd83e113d9e9b6751d8076085c529b9b
IEN20210301::Enero-Abril 2023,ff10a3c4605db21e63751d66ba445b9fe5f74b1529674074c2e56edce4a139d6
IEN20210301::Septiembre-Diciembre 2022,ff10a3c4605db21e63751d66ba445b9fe5f74b1529674074c2e56edce4a139d6
IEN20210318::Enero-Abril 2023,4052c1e2ebacf9674bba26a18a6071cfc6e821c6e35d9aaf0835b1f60565f769
IEN20210318::Septiembre-Diciembre 2023,4052c1e2ebacf9674bba26a18a6071cfc6e821c6e35d9aaf0835b1f60565f769
IEN20210332::Enero-Abril 2023,4052c1e2ebacf9674bba26a18a6071cfc6e821c6e35d9aaf0835b1f60565f769
IEN20210332::Mayo-Agosto 2023,c396220564f0a22050abefafef483732b77c054017e4f0de8e90521e4b698336
IEN20210332::Septiembre-Diciembre 2023,4052c1e2ebacf9674bba26a18a6071cfc6e821c6e35d9aaf0835b1f60565f769
IEN20210348::Enero-Abril 2023,4052c1e2ebacf9674bba26a18a6071cfc6e821c6e35d9aaf0835b1f60565f769
IEN20210348::Mayo-Agosto 2023,4052c1e2ebacf9674bba26a18a6071cfc6e821c6e35d9aaf0835b1f60565f769
IEN20210350::Mayo-Agosto 2023,8e8096ec36f87d6cd6646f06bb3b971f867e0d49f06f399d84cc1a65047ff6e7
IEN20210350::Septiembre-Diciembre 2022,8144f4ceffed44d4568d34e22398a82bdfbb3cb6456cd69fb8d2b682f1577962
IEN20210350::Septiembre-Diciembre 2023,53712a603b807a85e1caf9033d008458036d51b0e705fd00f30fc226f73754f2
IEN20220009::Enero-Abril 2023,b676d7b95d552a0e5dee9e3b09529255dbfdc1ca8c7e203676e6651922c13cf8
IEN20220009::Septiembre-Diciembre 2022,0bfbe558b9b73f485a4ff7e73f13fdbe17533c4955e4a29c21ecdde3efe69201
IEN20220015::Enero-Abril 2023,89f0e68f626545f04c0f5ffb6ea12848c4ebd4859277368e345c530c8aa40996
IEN20220015::Septiembre-Diciembre 2023,e4f7cb2ff00b7e1cbeeaac9e43b299bf521c710adadf5e3960834c819d695b00
IEN20220023::Septiembre-Diciembre 2023,ff4eab8a0a1448ed3097c538b3b405139234b966eb7f07b0f1bcef02c59222cd
IEN20220060::Septiembre-Diciembre 2022,9a1510ae050923b5d76f458620840d836094a553de04f25a5768a5d00ce51846
IEN20220060::Septiembre-Diciembre 2023,ff10a3c4605db21e63751d66ba445b9fe5f74b1529674074c2e56edce4a139d6
IEN20220067::Enero-Abril 2023,7fdf753e3cc7f787fd373a5d7a6a7acdeb26fd9dbeed982304a91d013cbb5369
IEN20220067::Septiembre-Diciembre 2022,9a1510ae050923b5d76f458620840d836094a553de04f25a5768a5d00ce51846
IEN20220067::Septiembre-Diciembre 2023,290aa90bc86db6b476b389f2d999e8a93933c4e2a4706f504dbd11370cb6f76b
IEN20220071::Enero-Abril 2023,ee79c4063ed2fedbb563c6f6c38b498b3870b0d4854b71e9f34e1b7d644e3769
IEN20220071::Mayo-Agosto 2023,ee79c4063ed2fedbb563c6f6c38b498b3870b0d4854b71e9f34e1b7d644e3769
IEN20220071::Septiembre-Diciembre 2023,9b02fba4752e9e4be6f28869b72dce00906f124878760fe5c3bf79d739e29abf
IEN20220080::Septiembre-Diciembre 2022,218a668eb871a811a74372c27212ddd1fd83e113d9e9b6751d8076085c529b9b
IEN20220080::Septiembre-Diciembre 2023,218a668eb871a811a74372c27212ddd1fd83e113d9e9b6751d8076085c529b9b
IEN20220081::Enero-Abril 2023,f3935559e0ae968bb0fe7a36d8e415c419afb47c8eb9a4914d1d89caa19e6963
IEN20220081::Septiembre-Diciembre 2022,ff4eab8a0a1448ed3097c538b3b405139234b966eb7f07b0f1bcef02c59222cd
IEN20220081::Septiembre-Diciembre 2023,ff4eab8a0a1448ed3097c538b3b405139234b966eb7f07b0f1bcef02c59222cd
IEN20220156::Mayo-Agosto 2023,ff10a3c4605db21e63751d66ba445b9fe5f74b1529674074c2e56edce4a139d6
IEN20220156::Septiembre-Diciembre 2023,1f3daa507fabaf82acae7e3933dbb5d78ea39ac38016c1466c896795dbd70978
IEN20220173::Enero-Abril 2023,89f0e68f626545f04c0f5ffb6ea12848c4ebd4859277368e345c530c8aa40996
IEN20220173::Septiembre-Diciembre 2023,1f3daa507fabaf82acae7e3933dbb5d78ea39ac38016c1466c896795dbd70978
IEN20220197::Enero-Abril 2023,6cfd13bfa259d843134da61d1643198ffdc5e5be989fb04f57a4eca76c998302
IEN20220197::Septiembre-Diciembre 2022,c6e24532a75af0d6a93463fb1e8293d39c800b63597fd99093d097ef190c21e4
IEN20220197::Septiembre-Diciembre 2023,ad3407fe6e46161a17e0083b0f16ce857e70e5f408a103cb399b078b18705f67
IEN20220200::Septiembre-Diciembre 2023,cc929fc08dd9a42be8f893c5b6a05c4914f72b6000eea2aefad3d07b775259c9
IEN20220214::Enero-Abril 2023,89f0e68f626545f04c0f5ffb6ea12848c4ebd4859277368e345c530c8aa40996
IEN20220214::Septiembre-Diciembre 2022,f3935559e0ae968bb0fe7a36d8e415c419afb47c8eb9a4914d1d89caa19e6963
IEN20220220::Septiembre-Diciembre 2022,89f0e68f626545f04c0f5ffb6ea12848c4ebd4859277368e345c530c8aa40996
IEN20220220::Septiembre-Diciembre 2023,218a668eb871a811a74372c27212ddd1fd83e113d9e9b6751d8076085c529b9b
IEN20220227::Septiembre-Diciembre 2022,89f0e68f626545f04c0f5ffb6ea12848c4ebd4859277368e345c530c8aa40996
IEN20220241::Septiembre-Diciembre 2022,0bfbe558b9b73f485a4ff7e73f13fdbe17533c4955e4a29c21ecdde3efe69201
IEN20220247::Enero-Abril 2023,89f0e68f626545f04c0f5ffb6ea12848c4ebd4859277368e345c530c8aa40996
IEN20220247::Septiembre-Diciembre 2023,ff4eab8a0a1448ed3097c538b3b405139234b966eb7f07b0f1bcef02c59222cd
IEN20220265::Mayo-Agosto 2023,218a668eb871a811a74372c27212ddd1fd83e113d9e9b6751d8076085c529b9b
IEN20220265::Septiembre-Diciembre 2023,c23d8cac447a78a24e96e98107f91a235eb8f05603bf744aa23bb03bae32aee3
IEN20220273::Enero-Abril 2023,89f0e68f626545f04c0f5ffb6ea12848c4ebd4859277368e345c530c8aa40996
IEN20220273::Mayo-Agosto 2023,6621072155a9a638862a9b69935ae159980e7b04270e5b5dbf665d15e0600a9c
IEN20220273::Septiembre-Diciembre 2022,218a668eb871a811a74372c27212ddd1fd83e113d9e9b6751d8076085c529b9b
IEN20220273::Septiembre-Diciembre 2023,e4aff4387c57ce4cdd11f23f98fc18dbf3eb4a106924e1f797cc64f64a5cace2
IEN20220340::Enero-Abril 2023,d443883ace1d1e1ee640b1db5eb8e3c9240754879d74467c0956298b240afde3
IEN20220340::Septiembre-Diciembre 2023,4115e3af7f82108537724193ff7bfbe995734d56f87c510d84e74b447ea2a4a1
IEN20220344::Enero-Abril 2023,9b02fba4752e9e4be6f28869b72dce00906f124878760fe5c3bf79d739e29abf
IEN20220344::Septiembre-Diciembre 2023,d3ca2934b184648a25ceecfef56c7d2616ca07c03593157362accb0e45916777
IEN20220354::Enero-Abril 2023,fed16ee9f3775523f5778072ab0b77166a88f5df4967c101bf59881847cbec80
IEN20220354::Septiembre-Diciembre 2022,89f0e68f626545f04c0f5ffb6ea12848c4ebd4859277368e345c530c8aa40996
IEN20220367::Enero-Abril 2023,f3935559e0ae968bb0fe7a36d8e415c419afb47c8eb9a4914d1d89caa19e6963
IEN20220367::Mayo-Agosto 2023,218a668eb871a811a74372c27212ddd1fd83e113d9e9b6751d8076085c529b9b
IEN20220367::Septiembre-Diciembre 2022,218a668eb871a811a74372c27212ddd1fd83e113d9e9b6751d8076085c529b9b
IEN20220367::Septiembre-Diciembre 2023,218a668eb871a811a74372c27212ddd1fd83e113d9e9b6751d8076085c529b9b
IEN20230016::Enero-Abril 2023,d443883ace1d1e1ee640b1db5eb8e3c9240754879d74467c0956298b240afde3
IEN20230016::Septiembre-Diciembre 2022,ee79c4063ed2fedbb563c6f6c38b498b3870b0d4854b71e9f34e1b7d644e3769
IEN20230016::Septiembre-Diciembre 2023,e4aff4387c57ce4cdd11f23f98fc18dbf3eb4a106924e1f797cc64f64a5cace2
IEN20230020::Mayo-Agosto 2023,d443883ace1d1e1ee640b1db5eb8e3c9240754879d74467c0956298b240afde3
IEN20230020::Septiembre-Diciembre 2023,d443883ace1d1e1ee640b1db5eb8e3c9240754879d74467c0956298b240afde3
IEN20230021::Mayo-Agosto 2023,e4aff4387c57ce4cdd11f23f98fc18dbf3eb4a106924e1f797cc64f64a5cace2
IEN20230021::Septiembre-Diciembre 2022,d443883ace1d1e1ee640b1db5eb8e3c9240754879d74467c0956298b240afde3
IEN20230021::Septiembre-Diciembre 2023,c85fe37f93b8e7d9beb3223598e554be6eda91e87d8c7027b9964c16c29eb4ce
IEN20230063::Enero-Abril 2023,4f270e71fd8c8cea84c4c6c3085a048d02248e5f7cf6b81bcf36f19643831242
IEN20230063::Mayo-Agosto 2023,873698b32765ebcedda3140987089ece6501809afd014e20b6b1deaac5e974b9
IEN20230063::Septiembre-Diciembre 2022,ee79c4063ed2fedbb563c6f6c38b498b3870b0d4854b71e9f34e1b7d644e3769
IEN20230075::Enero-Abril 2023,b62f69136a92d96434e4f3c8553b9880dde2c933dade5424dc33ae967767482a
IEN20230075::Mayo-Agosto 2023,ee79c4063ed2fedbb563c6f6c38b498b3870b0d4854b71e9f34e1b7d644e3769
IEN20230075::Septiembre-Diciembre 2022,d443883ace1d1e1ee640b1db5eb8e3c9240754879d74467c0956298b240afde3
IEN20230092::Septiembre-Diciembre 2022,bf8955eb7b45a2e3be1120aab85e03428815b6272ad01837a9585b1133373b5d
IEN20230092::Septiembre-Diciembre 2023,9a8d3269f3c23da7abb875c3915e0994d7c45da7cdcadd15b6607b8ed21210ac
IEN20230103::Enero-Abril 2023,b62f69136a92d96434e4f3c8553b9880dde2c933dade5424dc33ae967767482a
IEN20230103::Mayo-Agosto 2023,4f270e71fd8c8cea84c4c6c3085a048d02248e5f7cf6b81bcf36f19643831242
IEN20230103::Septiembre-Diciembre 2022,9b02fba4752e9e4be6f28869b72dce00906f124878760fe5c3bf79d739e29abf
IEN20230103::Septiembre-Diciembre 2023,6c8b3f8ce9cbcffc68aeeb36990e4e7a43cf098948b7cb88a1b7ad2aee65cbdb
IEN20230120::Enero-Abril 2023,e4aff4387c57ce4cdd11f23f98fc18dbf3eb4a106924e1f797cc64f64a5cace2
IEN20230120::Mayo-Agosto 2023,873698b32765ebcedda3140987089ece6501809afd014e20b6b1deaac5e974b9
IEN20230120::Septiembre-Diciembre 2023,e4aff4387c57ce4cdd11f23f98fc18dbf3eb4a106924e1f797cc64f64a5cace2
IEN20230123::Enero-Abril 2023,1408e051c54e156c0eccc6bbfa3127b34191402ca967e96b7d9cf8af3765c671
IEN20230123::Mayo-Agosto 2023,6c8b3f8ce9cbcffc68aeeb36990e4e7a43cf098948b7cb88a1b7ad2aee65cbdb
IEN20230123::Septiembre-Diciembre 2022,d15340bc37ad9c2909445cdfc6b4591f3131fdb9bcc0e14c8ecf9c8da6c4060c
IEN20230128::Enero-Abril 2023,ee79c4063ed2fedbb563c6f6c38b498b3870b0d4854b71e9f34e1b7d644e3769
IEN20230128::Septiembre-Diciembre 2022,d443883ace1d1e1ee640b1db5eb8e3c9240754879d74467c0956298b240afde3
IEN20230153::Mayo-Agosto 2023,b62f69136a92d96434e4f3c8553b9880dde2c933dade5424dc33ae967767482a
IEN20230153::Septiembre-Diciembre 2023,d443883ace1d1e1ee640b1db5eb8e3c9240754879d74467c0956298b240afde3
IEN20230212::Enero-Abril 2023,6621072155a9a638862a9b69935ae159980e7b04270e5b5dbf665d15e0600a9c
IEN20230212::Mayo-Agosto 2023,873698b32765ebcedda3140987089ece6501809afd014e20b6b1deaac5e974b9
IEN20230212::Septiembre-Diciembre 2022,bf8955eb7b45a2e3be1120aab85e03428815b6272ad01837a9585b1133373b5d
IEN20230212::Septiembre-Diciembre 2023,e4aff4387c57ce4cdd11f23f98fc18dbf3eb4a106924e1f797cc64f64a5cace2
IEN20230254::Enero-Abril 2023,bf8955eb7b45a2e3be1120aab85e03428815b6272ad01837a9585b1133373b5d
IEN20230254::Mayo-Agosto 2023,1334715ee5ee3197c3f942f8f8ba6ab8f2a6b767befcdfdabc0649747978311a
IEN20230259::Enero-Abril 2023,4f270e71fd8c8cea84c4c6c3085a048d02248e5f7cf6b81bcf36f19643831242
IEN20230259::Septiembre-Diciembre 2022,4f270e71fd8c8cea84c4c6c3085a048d02248e5f7cf6b81bcf36f19643831242
IEN20230282::Enero-Abril 2023,9a8d3269f3c23da7abb875c3915e0994d7c45da7cdcadd15b6607b8ed21210ac
IEN20230282::Septiembre-Diciembre 2022,bf8955eb7b45a2e3be1120aab85e03428815b6272ad01837a9585b1133373b5d
IEN20230293::Septiembre-Diciembre 2023,218a668eb871a811a74372c27212ddd1fd83e113d9e9b6751d8076085c529b9b
IEN20230317::Enero-Abril 2023,9a8d3269f3c23da7abb875c3915e0994d7c45da7cdcadd15b6607b8ed21210ac
IEN20230317::Mayo-Agosto 2023,2ecf1b5eff9eb125c6c95e8d9f2607f218e83884b7b07e82674d417bece278b1
IEN20230317::Septiembre-Diciembre 2022,ee79c4063ed2fedbb563c6f6c38b498b3870b0d4854b71e9f34e1b7d644e3769
IEN20230342::Septiembre-Diciembre 2023,218a668eb871a811a74372c27212ddd1fd83e113d9e9b6751d8076085c529b9b
IEN20240027::Enero-Abril 2023,b62f69136a92d96434e4f3c8553b9880dde2c933dade5424dc33ae967767482a
IEN20240027::Septiembre-Diciembre 2022,ee79c4063ed2fedbb563c6f6c38b498b3870b0d4854b71e9f34e1b7d644e3769
IEN20240027::Septiembre-Diciembre 2023,9a8d3269f3c23da7abb875c3915e0994d7c45da7cdcadd15b6607b8ed21210ac
IEN20240054::Enero-Abril 2023,9a8d3269f3c23da7abb875c3915e0994d7c45da7cdcadd15b6607b8ed21210ac
IEN20240054::Mayo-Agosto 2023,9a8d3269f3c23da7abb875c3915e0994d7c45da7cdcadd15b6607b8ed21210ac
IEN20240054::Septiembre-Diciembre 2022,9b02fba4752e9e4be6f28869b72dce00906f124878760fe5c3bf79d739e29abf
IEN20240073::Enero-Abril 2023,d443883ace1d1e1ee640b1db5eb8e3c9240754879d74467c0956298b240afde3
IEN20240073::Mayo-Agosto 2023,ee79c4063ed2fedbb563c6f6c38b498b3870b0d4854b71e9f34e1b7d644e3769
IEN20240073::Septiembre-Diciembre 2023,6621072155a9a638862a9b69935ae159980e7b04270e5b5dbf665d15e0600a9c
IEN20240094::Enero-Abril 2023,9a8d3269f3c23da7abb875c3915e0994d7c45da7cdcadd15b6607b8ed21210ac
IEN20240094::Septiembre-Diciembre 2022,9a8d3269f3c23da7abb875c3915e0994d7c45da7cdcadd15b6607b8ed21210ac
IEN20240119::Mayo-Agosto 2023,e4aff4387c57ce4cdd11f23f98fc18dbf3eb4a106924e1f797cc64f64a5cace2
IEN20240119::Septiembre-Diciembre 2022,d443883ace1d1e1ee640b1db5eb8e3c9240754879d74467c0956298b240afde3
IEN20240126::Enero-Abril 2023,9a8d3269f3c23da7abb875c3915e0994d7c45da7cdcadd15b6607b8ed21210ac
IEN20240126::Mayo-Agosto 2023,9a8d3269f3c23da7abb875c3915e0994d7c45da7cdcadd15b6607b8ed21210ac
IEN20240149::Enero-Abril 2023,1334715ee5ee3197c3f942f8f8ba6ab8f2a6b767befcdfdabc0649747978311a
IEN20240149::Septiembre-Diciembre 2022,9a8d3269f3c23da7abb875c3915e0994d7c45da7cdcadd15b6607b8ed21210ac
IEN20240149::Septiembre-Diciembre 2023,068c3088acb6724dc6cda29ef03875d1bd84679cfea5962d38afb3f6c1ea1cfe
IEN20240172::Enero-Abril 2023,9a8d3269f3c23da7abb875c3915e0994d7c45da7cdcadd15b6607b8ed21210ac
IEN20240172::Mayo-Agosto 2023,9a8d3269f3c23da7abb875c3915e0994d7c45da7cdcadd15b6607b8ed21210ac
IEN20240172::Septiembre-Diciembre 2022,9a8d3269f3c23da7abb875c3915e0994d7c45da7cdcadd15b6607b8ed21210ac
IEN20240172::Septiembre-Diciembre 2023,bf8955eb7b45a2e3be1120aab85e03428815b6272ad01837a9585b1133373b5d
IEN20240225::Enero-Abril 2023,9a8d3269f3c23da7abb875c3915e0994d7c45da7cdcadd15b6607b8ed21210ac
IEN20240225::Mayo-Agosto 2023,9a8d3269f3c23da7abb875c3915e0994d7c45da7cdcadd15b6607b8ed21210ac
IEN20240225::Septiembre-Diciembre 2022,ee79c4063ed2fedbb563c6f6c38b498b3870b0d4854b71e9f34e1b7d644e3769
IEN20240235::Enero-Abril 2023,9a8d3269f3c23da7abb875c3915e0994d7c45da7cdcadd15b6607b8ed21210ac
IEN20240235::Mayo-Agosto 2023,c23d8cac447a78a24e96e98107f91a235eb8f05603bf744aa23bb03bae32aee3
IEN20240235::Septiembre-Diciembre 2023,6c8b3f8ce9cbcffc68aeeb36990e4e7a43cf098948b7cb88a1b7ad2aee65cbdb
IEN20240248::Enero-Abril 2023,d443883ace1d1e1ee640b1db5eb8e3c9240754879d74467c0956298b240afde3
IEN20240248::Septiembre-Diciembre 2022,9a8d3269f3c23da7abb875c3915e0994d7c45da7cdcadd15b6607b8ed21210ac
IEN20240251::Septiembre-Diciembre 2022,36a6fd885008ced24e48b92004e58acf55ecbb852dbeffe686c6904286b69f42
IEN20240251::Septiembre-Diciembre 2023,4501ce171d805f8a9607a5e17b479dbd571a4f1fde2ee1c76eb606b152610035
IEN20240275::Mayo-Agosto 2023,bf8955eb7b45a2e3be1120aab85e03428815b6272ad01837a9585b1133373b5d
IEN20240275::Septiembre-Diciembre 2023,e4aff4387c57ce4cdd11f23f98fc18dbf3eb4a106924e1f797cc64f64a5cace2
IEN20240299::Septiembre-Diciembre 2022,ee79c4063ed2fedbb563c6f6c38b498b3870b0d4854b71e9f34e1b7d644e3769
IEN20240299::Septiembre-Diciembre 2023,9a8d3269f3c23da7abb875c3915e0994d7c45da7cdcadd15b6607b8ed21210ac
IEN20240308::Enero-Abril 2023,9a8d3269f3c23da7abb875c3915e0994d7c45da7cdcadd15b6607b8ed21210ac
IEN20240308::Septiembre-Diciembre 2022,d443883ace1d1e1ee640b1db5eb8e3c9240754879d74467c0956298b240afde3
IEN20240308::Septiembre-Diciembre 2023,068c3088acb6724dc6cda29ef03875d1bd84679cfea5962d38afb3f6c1ea1cfe
IEN20240320::Mayo-Agosto 2023,c36d07758ef07ae4a21e17643dd712689baf9efb8c860940fdcc40748b17a0a3
IEN20240320::Septiembre-Diciembre 2022,c36d07758ef07ae4a21e17643dd712689baf9efb8c860940fdcc40748b17a0a3
IEN20240320::Septiembre-Diciembre 2023,1b2bfa0d78db79133b970260e194e716cf4e3cc4c60d27cf359855373f7f458b
IEN20240328::Enero-Abril 2023,9a8d3269f3c23da7abb875c3915e0994d7c45da7cdcadd15b6607b8ed21210ac
IEN20240328::Mayo-Agosto 2023,bf8955eb7b45a2e3be1120aab85e03428815b6272ad01837a9585b1133373b5d
IEN20240328::Septiembre-Diciembre 2022,9a8d3269f3c23da7abb875c3915e0994d7c45da7cdcadd15b6607b8ed21210ac
IEN20240328::Septiembre-Diciembre 2023,9a8d3269f3c23da7abb875c3915e0994d7c45da7cdcadd15b6607b8ed21210ac
IEN20240349::Enero-Abril 2023,2ecf1b5eff9eb125c6c95e8d9f2607f218e83884b7b07e82674d417bece278b1
IEN20240349::Septiembre-Diciembre 2022,d443883ace1d1e1ee640b1db5eb8e3c9240754879d74467c0956298b240afde3
IEN20240349::Septiembre-Diciembre 2023,9a8d3269f3c23da7abb875c3915e0994d7c45da7cdcadd15b6607b8ed21210ac
IEN20240352::Mayo-Agosto 2023,873698b32765ebcedda3140987089ece6501809afd014e20b6b1deaac5e974b9
IEN20240352::Septiembre-Diciembre 2022,e4aff4387c57ce4cdd11f23f98fc18dbf3eb4a106924e1f797cc64f64a5cace2
IEN20240352::Septiembre-Diciembre 2023,e4aff4387c57ce4cdd11f23f98fc18dbf3eb4a106924e1f797cc64f64a5cace2
IEN20240366::Septiembre-Diciembre 2023,813db1236e213457eea9d1f5052499e6f79d2b0ca972ce6c934f03f01631897d
IEN20240373::Enero-Abril 2023,ee79c4063ed2fedbb563c6f6c38b498b3870b0d4854b71e9f34e1b7d644e3769
IEN20240373::Mayo-Agosto 2023,d443883ace1d1e1ee640b1db5eb8e3c9240754879d74467c0956298b240afde3
IEN20240373::Septiembre-Diciembre 2022,9b02fba4752e9e4be6f28869b72dce00906f124878760fe5c3bf79d739e29abf
IEN20240373::Septiembre-Diciembre 2023,ee79c4063ed2fedbb563c6f6c38b498b3870b0d4854b71e9f34e1b7d644e3769
IEN20240385::Enero-Abril 2023,e4aff4387c57ce4cdd11f23f98fc18dbf3eb4a106924e1f797cc64f64a5cace2
IEN20240385::Septiembre-Diciembre 2022,9a8d3269f3c23da7abb875c3915e0994d7c45da7cdcadd15b6607b8ed21210ac
